"","Number","Name","Type","Total","HP","Attack","Defense","Special.Attack","Special.Defense","Speed","generation"
"1",1,"Bulbasaur","GRASS",318,45,49,49,65,65,45,"first"
"2",1,"Bulbasaur","POISON",318,45,49,49,65,65,45,"first"
"3",2,"Ivysaur","GRASS",405,60,62,63,80,80,60,"first"
"4",2,"Ivysaur","POISON",405,60,62,63,80,80,60,"first"
"5",3,"Venusaur","GRASS",525,80,82,83,100,100,80,"first"
"6",3,"Venusaur","POISON",525,80,82,83,100,100,80,"first"
"7",3.1,"Mega Venusaur","GRASS",625,80,100,123,122,120,80,"first"
"8",3.1,"Mega Venusaur","POISON",625,80,100,123,122,120,80,"first"
"9",4,"Charmander","FIRE",309,39,52,43,60,50,65,"first"
"10",5,"Charmeleon","FIRE",405,58,64,58,80,65,80,"first"
"11",6,"Charizard","FIRE",534,78,84,78,109,85,100,"first"
"12",6,"Charizard","FLYING",534,78,84,78,109,85,100,"first"
"13",6.1,"Mega Charizard X","FIRE",634,78,130,111,130,85,100,"first"
"14",6.1,"Mega Charizard X","DRAGON",634,78,130,111,130,85,100,"first"
"15",6.2,"Mega Charizard Y","FIRE",634,78,104,78,159,115,100,"first"
"16",6.2,"Mega Charizard Y","FLYING",634,78,104,78,159,115,100,"first"
"17",7,"Squirtle","WATER",314,44,48,65,50,64,43,"first"
"18",8,"Wartortle","WATER",405,59,63,80,65,80,58,"first"
"19",9,"Blastoise","WATER",530,79,83,100,85,105,78,"first"
"20",9.1,"Mega Blastoise","WATER",630,79,103,120,135,115,78,"first"
"21",9.1,"Mega Blastoise","WATER",630,79,103,120,135,115,78,"first"
"22",10,"Caterpie","BUG",195,45,30,35,20,20,45,"first"
"23",11,"Metapod","BUG",205,50,20,55,25,25,30,"first"
"24",12,"Butterfree","BUG",385,60,45,50,80,80,70,"first"
"25",12,"Butterfree","FLYING",385,60,45,50,80,80,70,"first"
"26",13,"Weedle","BUG",195,40,35,30,20,20,50,"first"
"27",13,"Weedle","POISON",195,40,35,30,20,20,50,"first"
"28",14,"Kakuna","BUG",205,45,25,50,25,25,35,"first"
"29",14,"Kakuna","POISON",205,45,25,50,25,25,35,"first"
"30",15,"Beedrill","BUG",385,65,80,40,45,80,75,"first"
"31",15,"Beedrill","POISON",385,65,80,40,45,80,75,"first"
"32",16,"Pidgey","NORMAL",251,40,45,40,35,35,56,"first"
"33",16,"Pidgey","FLYING",251,40,45,40,35,35,56,"first"
"34",17,"Pidgeotto","NORMAL",349,63,60,55,50,50,71,"first"
"35",17,"Pidgeotto","FLYING",349,63,60,55,50,50,71,"first"
"36",18,"Pidgeot","NORMAL",469,83,80,75,70,70,91,"first"
"37",18,"Pidgeot","FLYING",469,83,80,75,70,70,91,"first"
"38",19,"Rattata","NORMAL",253,30,56,35,25,35,72,"first"
"39",20,"Raticate","NORMAL",413,55,81,60,50,70,97,"first"
"40",21,"Spearow","NORMAL",262,40,60,30,31,31,70,"first"
"41",21,"Spearow","FLYING",262,40,60,30,31,31,70,"first"
"42",22,"Fearow","NORMAL",442,65,90,65,61,61,100,"first"
"43",22,"Fearow","FLYING",442,65,90,65,61,61,100,"first"
"44",23,"Ekans","POISON",288,35,60,44,40,54,55,"first"
"45",24,"Arbok","POISON",438,60,85,69,65,79,80,"first"
"46",25,"Pikachu","ELECTRIC",300,35,55,30,50,40,90,"first"
"47",26,"Raichu","ELECTRIC",475,60,90,55,90,80,100,"first"
"48",27,"Sandshrew","GROUND",300,50,75,85,20,30,40,"first"
"49",28,"Sandslash","GROUND",450,75,100,110,45,55,65,"first"
"50",29,"Nidoran_","POISON",275,55,47,52,40,40,41,"first"
"51",30,"Nidorina","POISON",365,70,62,67,55,55,56,"first"
"52",31,"Nidoqueen","POISON",495,90,82,87,75,85,76,"first"
"53",31,"Nidoqueen","GROUND",495,90,82,87,75,85,76,"first"
"54",32,"Nidoran_","POISON",273,46,57,40,40,40,50,"first"
"55",33,"Nidorino","POISON",365,61,72,57,55,55,65,"first"
"56",34,"Nidoking","POISON",495,81,92,77,85,75,85,"first"
"57",34,"Nidoking","GROUND",495,81,92,77,85,75,85,"first"
"58",35,"Clefairy","FAIRY",323,70,45,48,60,65,35,"first"
"59",36,"Clefable","FAIRY",473,95,70,73,85,90,60,"first"
"60",37,"Vulpix","FIRE",299,38,41,40,50,65,65,"first"
"61",38,"Ninetales","FIRE",505,73,76,75,81,100,100,"first"
"62",39,"Jigglypuff","NORMAL",270,115,45,20,45,25,20,"first"
"63",39,"Jigglypuff","FAIRY",270,115,45,20,45,25,20,"first"
"64",40,"Wigglytuff","NORMAL",425,140,70,45,75,50,45,"first"
"65",40,"Wigglytuff","FAIRY",425,140,70,45,75,50,45,"first"
"66",41,"Zubat","POISON",245,40,45,35,30,40,55,"first"
"67",41,"Zubat","FLYING",245,40,45,35,30,40,55,"first"
"68",42,"Golbat","POISON",455,75,80,70,65,75,90,"first"
"69",42,"Golbat","FLYING",455,75,80,70,65,75,90,"first"
"70",43,"Oddish","GRASS",320,45,50,55,75,65,30,"first"
"71",43,"Oddish","POISON",320,45,50,55,75,65,30,"first"
"72",44,"Gloom","GRASS",395,60,65,70,85,75,40,"first"
"73",44,"Gloom","POISON",395,60,65,70,85,75,40,"first"
"74",45,"Vileplume","GRASS",480,75,80,85,100,90,50,"first"
"75",45,"Vileplume","POISON",480,75,80,85,100,90,50,"first"
"76",46,"Paras","BUG",285,35,70,55,45,55,25,"first"
"77",46,"Paras","GRASS",285,35,70,55,45,55,25,"first"
"78",47,"Parasect","BUG",405,60,95,80,60,80,30,"first"
"79",47,"Parasect","GRASS",405,60,95,80,60,80,30,"first"
"80",48,"Venonat","BUG",305,60,55,50,40,55,45,"first"
"81",48,"Venonat","POISON",305,60,55,50,40,55,45,"first"
"82",49,"Venomoth","BUG",450,70,65,60,90,75,90,"first"
"83",49,"Venomoth","POISON",450,70,65,60,90,75,90,"first"
"84",50,"Diglett","GROUND",265,10,55,25,35,45,95,"first"
"85",51,"Dugtrio","GROUND",405,35,80,50,50,70,120,"first"
"86",52,"Meowth","NORMAL",290,40,45,35,40,40,90,"first"
"87",53,"Persian","NORMAL",440,65,70,60,65,65,115,"first"
"88",54,"Psyduck","WATER",320,50,52,48,65,50,55,"first"
"89",55,"Golduck","WATER",500,80,82,78,95,80,85,"first"
"90",56,"Mankey","FIGHTING",305,40,80,35,35,45,70,"first"
"91",57,"Primeape","FIGHTING",455,65,105,60,60,70,95,"first"
"92",58,"Growlithe","FIRE",350,55,70,45,70,50,60,"first"
"93",59,"Arcanine","FIRE",555,90,110,80,100,80,95,"first"
"94",60,"Poliwag","WATER",300,40,50,40,40,40,90,"first"
"95",61,"Poliwhirl","WATER",385,65,65,65,50,50,90,"first"
"96",62,"Poliwrath","WATER",500,90,85,95,70,90,70,"first"
"97",62,"Poliwrath","FIGHTING",500,90,85,95,70,90,70,"first"
"98",63,"Abra","PSYCHIC",310,25,20,15,105,55,90,"first"
"99",64,"Kadabra","PSYCHIC",400,40,35,30,120,70,105,"first"
"100",65,"Alakazam","PSYCHIC",490,55,50,45,135,85,120,"first"
"101",65.1,"Mega Alakazam","PSYCHIC",590,55,50,65,175,95,150,"first"
"102",66,"Machop","FIGHTING",305,70,80,50,35,35,35,"first"
"103",67,"Machoke","FIGHTING",405,80,100,70,50,60,45,"first"
"104",68,"Machamp","FIGHTING",505,90,130,80,65,85,55,"first"
"105",69,"Bellsprout","GRASS",300,50,75,35,70,30,40,"first"
"106",69,"Bellsprout","POISON",300,50,75,35,70,30,40,"first"
"107",70,"Weepinbell","GRASS",390,65,90,50,85,45,55,"first"
"108",70,"Weepinbell","POISON",390,65,90,50,85,45,55,"first"
"109",71,"Victreebel","GRASS",480,80,105,65,100,60,70,"first"
"110",71,"Victreebel","POISON",480,80,105,65,100,60,70,"first"
"111",72,"Tentacool","WATER",335,40,40,35,50,100,70,"first"
"112",72,"Tentacool","POISON",335,40,40,35,50,100,70,"first"
"113",73,"Tentacruel","WATER",515,80,70,65,80,120,100,"first"
"114",73,"Tentacruel","POISON",515,80,70,65,80,120,100,"first"
"115",74,"Geodude","ROCK",300,40,80,100,30,30,20,"first"
"116",74,"Geodude","GROUND",300,40,80,100,30,30,20,"first"
"117",75,"Graveler","ROCK",390,55,95,115,45,45,35,"first"
"118",75,"Graveler","GROUND",390,55,95,115,45,45,35,"first"
"119",76,"Golem","ROCK",485,80,110,130,55,65,45,"first"
"120",76,"Golem","GROUND",485,80,110,130,55,65,45,"first"
"121",77,"Ponyta","FIRE",410,50,85,55,65,65,90,"first"
"122",78,"Rapidash","FIRE",500,65,100,70,80,80,105,"first"
"123",79,"Slowpoke","WATER",315,90,65,65,40,40,15,"first"
"124",79,"Slowpoke","PSYCHIC",315,90,65,65,40,40,15,"first"
"125",80,"Slowbro","WATER",490,95,75,110,100,80,30,"first"
"126",80,"Slowbro","PSYCHIC",490,95,75,110,100,80,30,"first"
"127",81,"Magnemite","ELECTRIC",325,25,35,70,95,55,45,"first"
"128",81,"Magnemite","STEEL",325,25,35,70,95,55,45,"first"
"129",82,"Magneton","ELECTRIC",465,50,60,95,120,70,70,"first"
"130",82,"Magneton","STEEL",465,50,60,95,120,70,70,"first"
"131",83,"Farfetch'd","NORMAL",352,52,65,55,58,62,60,"first"
"132",83,"Farfetch'd","FLYING",352,52,65,55,58,62,60,"first"
"133",84,"Doduo","NORMAL",310,35,85,45,35,35,75,"first"
"134",84,"Doduo","FLYING",310,35,85,45,35,35,75,"first"
"135",85,"Dodrio","NORMAL",460,60,110,70,60,60,100,"first"
"136",85,"Dodrio","FLYING",460,60,110,70,60,60,100,"first"
"137",86,"Seel","WATER",325,65,45,55,45,70,45,"first"
"138",87,"Dewgong","WATER",475,90,70,80,70,95,70,"first"
"139",87,"Dewgong","ICE",475,90,70,80,70,95,70,"first"
"140",88,"Grimer","POISON",325,80,80,50,40,50,25,"first"
"141",89,"Muk","POISON",500,105,105,75,65,100,50,"first"
"142",90,"Shellder","WATER",305,30,65,100,45,25,40,"first"
"143",91,"Cloyster","WATER",525,50,95,180,85,45,70,"first"
"144",91,"Cloyster","ICE",525,50,95,180,85,45,70,"first"
"145",92,"Gastly","GHOST",310,30,35,30,100,35,80,"first"
"146",92,"Gastly","POISON",310,30,35,30,100,35,80,"first"
"147",93,"Haunter","GHOST",405,45,50,45,115,55,95,"first"
"148",93,"Haunter","POISON",405,45,50,45,115,55,95,"first"
"149",94,"Gengar","GHOST",500,60,65,60,130,75,110,"first"
"150",94,"Gengar","POISON",500,60,65,60,130,75,110,"first"
"151",94.1,"Mega Gengar","GHOST",600,60,65,80,170,95,130,"first"
"152",94.1,"Mega Gengar","POISON",600,60,65,80,170,95,130,"first"
"153",95,"Onix","ROCK",385,35,45,160,30,45,70,"first"
"154",95,"Onix","GROUND",385,35,45,160,30,45,70,"first"
"155",96,"Drowzee","PSYCHIC",328,60,48,45,43,90,42,"first"
"156",97,"Hypno","PSYCHIC",483,85,73,70,73,115,67,"first"
"157",98,"Krabby","WATER",325,30,105,90,25,25,50,"first"
"158",99,"Kingler","WATER",475,55,130,115,50,50,75,"first"
"159",100,"Voltorb","ELECTRIC",330,40,30,50,55,55,100,"first"
"160",101,"Electrode","ELECTRIC",480,60,50,70,80,80,140,"first"
"161",102,"Exeggcute","GRASS",325,60,40,80,60,45,40,"first"
"162",102,"Exeggcute","PSYCHIC",325,60,40,80,60,45,40,"first"
"163",103,"Exeggutor","GRASS",520,95,95,85,125,65,55,"first"
"164",103,"Exeggutor","PSYCHIC",520,95,95,85,125,65,55,"first"
"165",104,"Cubone","GROUND",320,50,50,95,40,50,35,"first"
"166",105,"Marowak","GROUND",425,60,80,110,50,80,45,"first"
"167",106,"Hitmonlee","FIGHTING",455,50,120,53,35,110,87,"first"
"168",107,"Hitmonchan","FIGHTING",455,50,105,79,35,110,76,"first"
"169",108,"Lickitung","NORMAL",385,90,55,75,60,75,30,"first"
"170",109,"Koffing","POISON",340,40,65,95,60,45,35,"first"
"171",110,"Weezing","POISON",490,65,90,120,85,70,60,"first"
"172",111,"Rhyhorn","GROUND",345,80,85,95,30,30,25,"first"
"173",111,"Rhyhorn","ROCK",345,80,85,95,30,30,25,"first"
"174",112,"Rhydon","GROUND",485,105,130,120,45,45,40,"first"
"175",112,"Rhydon","ROCK",485,105,130,120,45,45,40,"first"
"176",113,"Chansey","NORMAL",450,250,5,5,35,105,50,"first"
"177",114,"Tangela","GRASS",435,65,55,115,100,40,60,"first"
"178",115,"Kangaskhan","NORMAL",490,105,95,80,40,80,90,"first"
"179",115.1,"Mega Kangaskhan","NORMAL",590,105,125,100,60,100,100,"first"
"180",115.1,"Mega Kangaskhan","NORMAL",590,105,125,100,60,100,100,"first"
"181",116,"Horsea","WATER",295,30,40,70,70,25,60,"first"
"182",117,"Seadra","WATER",440,55,65,95,95,45,85,"first"
"183",118,"Goldeen","WATER",320,45,67,60,35,50,63,"first"
"184",119,"Seaking","WATER",450,80,92,65,65,80,68,"first"
"185",120,"Staryu","WATER",340,30,45,55,70,55,85,"first"
"186",121,"Starmie","WATER",520,60,75,85,100,85,115,"first"
"187",121,"Starmie","PSYCHIC",520,60,75,85,100,85,115,"first"
"188",122,"Mr. Mime","PSYCHIC",460,40,45,65,100,120,90,"first"
"189",122,"Mr. Mime","FAIRY",460,40,45,65,100,120,90,"first"
"190",123,"Scyther","BUG",500,70,110,80,55,80,105,"first"
"191",123,"Scyther","FLYING",500,70,110,80,55,80,105,"first"
"192",124,"Jynx","ICE",455,65,50,35,115,95,95,"first"
"193",124,"Jynx","PSYCHIC",455,65,50,35,115,95,95,"first"
"194",125,"Electabuzz","ELECTRIC",490,65,83,57,95,85,105,"first"
"195",126,"Magmar","FIRE",495,65,95,57,100,85,93,"first"
"196",127,"Pinsir","BUG",500,65,125,100,55,70,85,"first"
"197",127.1,"Mega Pinsir","BUG",600,65,155,120,65,90,105,"first"
"198",127.1,"Mega Pinsir","FLYING",600,65,155,120,65,90,105,"first"
"199",128,"Tauros","NORMAL",490,75,100,95,40,70,110,"first"
"200",129,"Magikarp","WATER",200,20,10,55,15,20,80,"first"
"201",130,"Gyarados","WATER",540,95,125,79,60,100,81,"first"
"202",130,"Gyarados","FLYING",540,95,125,79,60,100,81,"first"
"203",130.1,"Mega Gyarados","WATER",640,95,155,109,70,130,81,"first"
"204",130.1,"Mega Gyarados","DARK",640,95,155,109,70,130,81,"first"
"205",131,"Lapras","WATER",535,130,85,80,85,95,60,"first"
"206",131,"Lapras","ICE",535,130,85,80,85,95,60,"first"
"207",132,"Ditto","NORMAL",288,48,48,48,48,48,48,"first"
"208",133,"Eevee","NORMAL",325,55,55,50,45,65,55,"first"
"209",134,"Vaporeon","WATER",525,130,65,60,110,95,65,"first"
"210",135,"Jolteon","ELECTRIC",525,65,65,60,110,95,130,"first"
"211",136,"Flareon","FIRE",525,65,130,60,95,110,65,"first"
"212",137,"Porygon","NORMAL",395,65,60,70,85,75,40,"first"
"213",138,"Omanyte","ROCK",355,35,40,100,90,55,35,"first"
"214",138,"Omanyte","WATER",355,35,40,100,90,55,35,"first"
"215",139,"Omastar","ROCK",495,70,60,125,115,70,55,"first"
"216",139,"Omastar","WATER",495,70,60,125,115,70,55,"first"
"217",140,"Kabuto","ROCK",355,30,80,90,55,45,55,"first"
"218",140,"Kabuto","WATER",355,30,80,90,55,45,55,"first"
"219",141,"Kabutops","ROCK",495,60,115,105,65,70,80,"first"
"220",141,"Kabutops","WATER",495,60,115,105,65,70,80,"first"
"221",142,"Aerodactyl","ROCK",515,80,105,65,60,75,130,"first"
"222",142,"Aerodactyl","FLYING",515,80,105,65,60,75,130,"first"
"223",142.1,"Mega Aerodactyl","ROCK",615,80,135,85,70,95,150,"first"
"224",142.1,"Mega Aerodactyl","FLYING",615,80,135,85,70,95,150,"first"
"225",143,"Snorlax","NORMAL",540,160,110,65,65,110,30,"first"
"226",144,"Articuno","ICE",580,90,85,100,95,125,85,"first"
"227",144,"Articuno","FLYING",580,90,85,100,95,125,85,"first"
"228",145,"Zapdos","ELECTRIC",580,90,90,85,125,90,100,"first"
"229",145,"Zapdos","FLYING",580,90,90,85,125,90,100,"first"
"230",146,"Moltres","FIRE",580,90,100,90,125,85,90,"first"
"231",146,"Moltres","FLYING",580,90,100,90,125,85,90,"first"
"232",147,"Dratini","DRAGON",300,41,64,45,50,50,50,"first"
"233",148,"Dragonair","DRAGON",420,61,84,65,70,70,70,"first"
"234",149,"Dragonite","DRAGON",600,91,134,95,100,100,80,"first"
"235",149,"Dragonite","FLYING",600,91,134,95,100,100,80,"first"
"236",150,"Mewtwo","PSYCHIC",680,106,110,90,154,90,130,"first"
"237",150.1,"Mega Mewtwo X","PSYCHIC",780,106,190,100,154,100,130,"first"
"238",150.1,"Mega Mewtwo X","FIGHTING",780,106,190,100,154,100,130,"first"
"239",150.2,"Mega Mewtwo Y","PSYCHIC",780,106,150,70,194,120,140,"first"
"240",150.2,"Mega Mewtwo Y","PSYCHIC",780,106,150,70,194,120,140,"first"
"241",151,"Mew","PSYCHIC",600,100,100,100,100,100,100,"first"
"242",152,"Chikorita","GRASS",318,45,49,65,49,65,45,"second"
"243",153,"Bayleef","GRASS",405,60,62,80,63,80,60,"second"
"244",154,"Meganium","GRASS",525,80,82,100,83,100,80,"second"
"245",155,"Cyndaquil","FIRE",309,39,52,43,60,50,65,"second"
"246",156,"Quilava","FIRE",405,58,64,58,80,65,80,"second"
"247",157,"Typhlosion","FIRE",534,78,84,78,109,85,100,"second"
"248",158,"Totodile","WATER",314,50,65,64,44,48,43,"second"
"249",159,"Croconaw","WATER",405,65,80,80,59,63,58,"second"
"250",160,"Feraligatr","WATER",530,85,105,100,79,83,78,"second"
"251",161,"Sentret","NORMAL",215,35,46,34,35,45,20,"second"
"252",162,"Furret","NORMAL",415,85,76,64,45,55,90,"second"
"253",163,"Hoothoot","NORMAL",262,60,30,30,36,56,50,"second"
"254",163,"Hoothoot","FLYING",262,60,30,30,36,56,50,"second"
"255",164,"Noctowl","NORMAL",442,100,50,50,76,96,70,"second"
"256",164,"Noctowl","FLYING",442,100,50,50,76,96,70,"second"
"257",165,"Ledyba","BUG",265,40,20,30,40,80,55,"second"
"258",165,"Ledyba","FLYING",265,40,20,30,40,80,55,"second"
"259",166,"Ledian","BUG",390,55,35,50,55,110,85,"second"
"260",166,"Ledian","FLYING",390,55,35,50,55,110,85,"second"
"261",167,"Spinarak","BUG",250,40,60,40,40,40,30,"second"
"262",167,"Spinarak","POISON",250,40,60,40,40,40,30,"second"
"263",168,"Ariados","BUG",390,70,90,70,60,60,40,"second"
"264",168,"Ariados","POISON",390,70,90,70,60,60,40,"second"
"265",169,"Crobat","POISON",535,85,90,80,70,80,130,"second"
"266",169,"Crobat","FLYING",535,85,90,80,70,80,130,"second"
"267",170,"Chinchou","WATER",330,75,38,38,56,56,67,"second"
"268",170,"Chinchou","ELECTRIC",330,75,38,38,56,56,67,"second"
"269",171,"Lanturn","WATER",460,125,58,58,76,76,67,"second"
"270",171,"Lanturn","ELECTRIC",460,125,58,58,76,76,67,"second"
"271",172,"Pichu","ELECTRIC",205,20,40,15,35,35,60,"second"
"272",173,"Cleffa","FAIRY",218,50,25,28,45,55,15,"second"
"273",174,"Igglybuff","NORMAL",210,90,30,15,40,20,15,"second"
"274",174,"Igglybuff","FAIRY",210,90,30,15,40,20,15,"second"
"275",175,"Togepi","FAIRY",245,35,20,65,40,65,20,"second"
"276",176,"Togetic","FAIRY",405,55,40,85,80,105,40,"second"
"277",176,"Togetic","FLYING",405,55,40,85,80,105,40,"second"
"278",177,"Natu","PSYCHIC",320,40,50,45,70,45,70,"second"
"279",177,"Natu","FLYING",320,40,50,45,70,45,70,"second"
"280",178,"Xatu","PSYCHIC",470,65,75,70,95,70,95,"second"
"281",178,"Xatu","FLYING",470,65,75,70,95,70,95,"second"
"282",179,"Mareep","ELECTRIC",280,55,40,40,65,45,35,"second"
"283",180,"Flaaffy","ELECTRIC",365,70,55,55,80,60,45,"second"
"284",181,"Ampharos","ELECTRIC",500,90,75,75,115,90,55,"second"
"285",181.1,"Mega Ampharos","ELECTRIC",610,90,95,105,165,110,45,"second"
"286",181.1,"Mega Ampharos","DRAGON",610,90,95,105,165,110,45,"second"
"287",182,"Bellossom","GRASS",480,75,80,85,90,100,50,"second"
"288",183,"Marill","WATER",250,70,20,50,20,50,40,"second"
"289",183,"Marill","FAIRY",250,70,20,50,20,50,40,"second"
"290",184,"Azumarill","WATER",410,100,50,80,50,80,50,"second"
"291",184,"Azumarill","FAIRY",410,100,50,80,50,80,50,"second"
"292",185,"Sudowoodo","ROCK",410,70,100,115,30,65,30,"second"
"293",186,"Politoed","WATER",500,90,75,75,90,100,70,"second"
"294",187,"Hoppip","GRASS",250,35,35,40,35,55,50,"second"
"295",187,"Hoppip","FLYING",250,35,35,40,35,55,50,"second"
"296",188,"Skiploom","GRASS",340,55,45,50,45,65,80,"second"
"297",188,"Skiploom","FLYING",340,55,45,50,45,65,80,"second"
"298",189,"Jumpluff","GRASS",450,75,55,70,55,85,110,"second"
"299",189,"Jumpluff","FLYING",450,75,55,70,55,85,110,"second"
"300",190,"Aipom","NORMAL",360,55,70,55,40,55,85,"second"
"301",191,"Sunkern","GRASS",180,30,30,30,30,30,30,"second"
"302",192,"Sunflora","GRASS",425,75,75,55,105,85,30,"second"
"303",193,"Yanma","BUG",390,65,65,45,75,45,95,"second"
"304",193,"Yanma","FLYING",390,65,65,45,75,45,95,"second"
"305",194,"Wooper","WATER",210,55,45,45,25,25,15,"second"
"306",194,"Wooper","GROUND",210,55,45,45,25,25,15,"second"
"307",195,"Quagsire","WATER",430,95,85,85,65,65,35,"second"
"308",195,"Quagsire","GROUND",430,95,85,85,65,65,35,"second"
"309",196,"Espeon","PSYCHIC",525,65,65,60,130,95,110,"second"
"310",197,"Umbreon","DARK",525,95,65,110,60,130,65,"second"
"311",198,"Murkrow","DARK",405,60,85,42,85,42,91,"second"
"312",198,"Murkrow","FLYING",405,60,85,42,85,42,91,"second"
"313",199,"Slowking","WATER",490,95,75,80,100,110,30,"second"
"314",199,"Slowking","PSYCHIC",490,95,75,80,100,110,30,"second"
"315",200,"Misdreavus","GHOST",435,60,60,60,85,85,85,"second"
"316",201,"Unown","PSYCHIC",336,48,72,48,72,48,48,"second"
"317",202,"Wobbuffet","PSYCHIC",405,190,33,58,33,58,33,"second"
"318",203,"Girafarig","NORMAL",455,70,80,65,90,65,85,"second"
"319",203,"Girafarig","PSYCHIC",455,70,80,65,90,65,85,"second"
"320",204,"Pineco","BUG",290,50,65,90,35,35,15,"second"
"321",205,"Forretress","BUG",465,75,90,140,60,60,40,"second"
"322",205,"Forretress","STEEL",465,75,90,140,60,60,40,"second"
"323",206,"Dunsparce","NORMAL",415,100,70,70,65,65,45,"second"
"324",207,"Gligar","GROUND",430,65,75,105,35,65,85,"second"
"325",207,"Gligar","FLYING",430,65,75,105,35,65,85,"second"
"326",208,"Steelix","STEEL",510,75,85,200,55,65,30,"second"
"327",208,"Steelix","GROUND",510,75,85,200,55,65,30,"second"
"328",209,"Snubbull","FAIRY",300,60,80,50,40,40,30,"second"
"329",210,"Granbull","FAIRY",450,90,120,75,60,60,45,"second"
"330",211,"Qwilfish","WATER",430,65,95,75,55,55,85,"second"
"331",211,"Qwilfish","POISON",430,65,95,75,55,55,85,"second"
"332",212,"Scizor","BUG",500,70,130,100,55,80,65,"second"
"333",212,"Scizor","STEEL",500,70,130,100,55,80,65,"second"
"334",212.1,"Mega Scizor","BUG",600,70,150,140,65,100,75,"second"
"335",212.1,"Mega Scizor","STEEL",600,70,150,140,65,100,75,"second"
"336",213,"Shuckle","BUG",505,20,10,230,10,230,5,"second"
"337",213,"Shuckle","ROCK",505,20,10,230,10,230,5,"second"
"338",214,"Heracross","BUG",500,80,125,75,40,95,85,"second"
"339",214,"Heracross","FIGHTING",500,80,125,75,40,95,85,"second"
"340",214.1,"Mega Heracross","BUG",600,80,185,115,40,105,75,"second"
"341",214.1,"Mega Heracross","FIGHTING",600,80,185,115,40,105,75,"second"
"342",215,"Sneasel","DARK",430,55,95,55,35,75,115,"second"
"343",215,"Sneasel","ICE",430,55,95,55,35,75,115,"second"
"344",216,"Teddiursa","NORMAL",330,60,80,50,50,50,40,"second"
"345",217,"Ursaring","NORMAL",500,90,130,75,75,75,55,"second"
"346",218,"Slugma","FIRE",250,40,40,40,70,40,20,"second"
"347",219,"Magcargo","FIRE",410,50,50,120,80,80,30,"second"
"348",219,"Magcargo","ROCK",410,50,50,120,80,80,30,"second"
"349",220,"Swinub","ICE",250,50,50,40,30,30,50,"second"
"350",220,"Swinub","GROUND",250,50,50,40,30,30,50,"second"
"351",221,"Piloswine","ICE",450,100,100,80,60,60,50,"second"
"352",221,"Piloswine","GROUND",450,100,100,80,60,60,50,"second"
"353",222,"Corsola","WATER",380,55,55,85,65,85,35,"second"
"354",222,"Corsola","ROCK",380,55,55,85,65,85,35,"second"
"355",223,"Remoraid","WATER",300,35,65,35,65,35,65,"second"
"356",224,"Octillery","WATER",480,75,105,75,105,75,45,"second"
"357",225,"Delibird","ICE",330,45,55,45,65,45,75,"second"
"358",225,"Delibird","FLYING",330,45,55,45,65,45,75,"second"
"359",226,"Mantine","WATER",465,65,40,70,80,140,70,"second"
"360",226,"Mantine","FLYING",465,65,40,70,80,140,70,"second"
"361",227,"Skarmory","STEEL",465,65,80,140,40,70,70,"second"
"362",227,"Skarmory","FLYING",465,65,80,140,40,70,70,"second"
"363",228,"Houndour","DARK",330,45,60,30,80,50,65,"second"
"364",228,"Houndour","FIRE",330,45,60,30,80,50,65,"second"
"365",229,"Houndoom","DARK",500,75,90,50,110,80,95,"second"
"366",229,"Houndoom","FIRE",500,75,90,50,110,80,95,"second"
"367",229.1,"Mega Houndoom","DARK",600,75,90,90,140,90,115,"second"
"368",229.1,"Mega Houndoom","FIRE",600,75,90,90,140,90,115,"second"
"369",230,"Kingdra","WATER",540,75,95,95,95,95,85,"second"
"370",230,"Kingdra","DRAGON",540,75,95,95,95,95,85,"second"
"371",231,"Phanpy","GROUND",330,90,60,60,40,40,40,"second"
"372",232,"Donphan","GROUND",500,90,120,120,60,60,50,"second"
"373",233,"Porygon2","NORMAL",515,85,80,90,105,95,60,"second"
"374",234,"Stantler","NORMAL",465,73,95,62,85,65,85,"second"
"375",235,"Smeargle","NORMAL",250,55,20,35,20,45,75,"second"
"376",236,"Tyrogue","FIGHTING",210,35,35,35,35,35,35,"second"
"377",237,"Hitmontop","FIGHTING",455,50,95,95,35,110,70,"second"
"378",238,"Smoochum","ICE",305,45,30,15,85,65,65,"second"
"379",238,"Smoochum","PSYCHIC",305,45,30,15,85,65,65,"second"
"380",239,"Elekid","ELECTRIC",360,45,63,37,65,55,95,"second"
"381",240,"Magby","FIRE",365,45,75,37,70,55,83,"second"
"382",241,"Miltank","NORMAL",490,95,80,105,40,70,100,"second"
"383",242,"Blissey","NORMAL",540,255,10,10,75,135,55,"second"
"384",243,"Raikou","ELECTRIC",580,90,85,75,115,100,115,"second"
"385",244,"Entei","FIRE",580,115,115,85,90,75,100,"second"
"386",245,"Suicune","WATER",580,100,75,115,90,115,85,"second"
"387",246,"Larvitar","ROCK",300,50,64,50,45,50,41,"second"
"388",246,"Larvitar","GROUND",300,50,64,50,45,50,41,"second"
"389",247,"Pupitar","ROCK",410,70,84,70,65,70,51,"second"
"390",247,"Pupitar","GROUND",410,70,84,70,65,70,51,"second"
"391",248,"Tyranitar","ROCK",600,100,134,110,95,100,61,"second"
"392",248,"Tyranitar","DARK",600,100,134,110,95,100,61,"second"
"393",248.1,"Mega Tyranitar","ROCK",700,100,164,150,95,120,71,"second"
"394",248.1,"Mega Tyranitar","DARK",700,100,164,150,95,120,71,"second"
"395",249,"Lugia","PSYCHIC",680,106,90,130,90,154,110,"second"
"396",249,"Lugia","FLYING",680,106,90,130,90,154,110,"second"
"397",250,"Ho-oh","FIRE",680,106,130,90,110,154,90,"second"
"398",250,"Ho-oh","FLYING",680,106,130,90,110,154,90,"second"
"399",251,"Celebi","PSYCHIC",600,100,100,100,100,100,100,"second"
"400",251,"Celebi","GRASS",600,100,100,100,100,100,100,"second"
"401",252,"Treecko","GRASS",310,40,45,35,65,55,70,"third"
"402",253,"Grovyle","GRASS",405,50,65,45,85,65,95,"third"
"403",254,"Sceptile","GRASS",530,70,85,65,105,85,120,"third"
"404",255,"Torchic","FIRE",310,45,60,40,70,50,45,"third"
"405",256,"Combusken","FIRE",405,60,85,60,85,60,55,"third"
"406",256,"Combusken","FIGHTING",405,60,85,60,85,60,55,"third"
"407",257,"Blaziken","FIRE",530,80,120,70,110,70,80,"third"
"408",257,"Blaziken","FIGHTING",530,80,120,70,110,70,80,"third"
"409",257.1,"Mega Blaziken","FIRE",630,80,160,80,130,80,100,"third"
"410",257.1,"Mega Blaziken","FIGHTING",630,80,160,80,130,80,100,"third"
"411",258,"Mudkip","WATER",310,50,70,50,50,50,40,"third"
"412",259,"Marshtomp","WATER",405,70,85,70,60,70,50,"third"
"413",259,"Marshtomp","GROUND",405,70,85,70,60,70,50,"third"
"414",260,"Swampert","WATER",535,100,110,90,85,90,60,"third"
"415",260,"Swampert","GROUND",535,100,110,90,85,90,60,"third"
"416",261,"Poochyena","DARK",220,35,55,35,30,30,35,"third"
"417",262,"Mightyena","DARK",420,70,90,70,60,60,70,"third"
"418",263,"Zigzagoon","NORMAL",240,38,30,41,30,41,60,"third"
"419",264,"Linoone","NORMAL",420,78,70,61,50,61,100,"third"
"420",265,"Wurmple","BUG",195,45,45,35,20,30,20,"third"
"421",266,"Silcoon","BUG",205,50,35,55,25,25,15,"third"
"422",267,"Beautifly","BUG",385,60,70,50,90,50,65,"third"
"423",267,"Beautifly","FLYING",385,60,70,50,90,50,65,"third"
"424",268,"Cascoon","BUG",205,50,35,55,25,25,15,"third"
"425",269,"Dustox","BUG",385,60,50,70,50,90,65,"third"
"426",269,"Dustox","POISON",385,60,50,70,50,90,65,"third"
"427",270,"Lotad","WATER",220,40,30,30,40,50,30,"third"
"428",270,"Lotad","GRASS",220,40,30,30,40,50,30,"third"
"429",271,"Lombre","WATER",340,60,50,50,60,70,50,"third"
"430",271,"Lombre","GRASS",340,60,50,50,60,70,50,"third"
"431",272,"Ludicolo","WATER",480,80,70,70,90,100,70,"third"
"432",272,"Ludicolo","GRASS",480,80,70,70,90,100,70,"third"
"433",273,"Seedot","GRASS",220,40,40,50,30,30,30,"third"
"434",274,"Nuzleaf","GRASS",340,70,70,40,60,40,60,"third"
"435",274,"Nuzleaf","DARK",340,70,70,40,60,40,60,"third"
"436",275,"Shiftry","GRASS",480,90,100,60,90,60,80,"third"
"437",275,"Shiftry","DARK",480,90,100,60,90,60,80,"third"
"438",276,"Taillow","NORMAL",270,40,55,30,30,30,85,"third"
"439",276,"Taillow","FLYING",270,40,55,30,30,30,85,"third"
"440",277,"Swellow","NORMAL",430,60,85,60,50,50,125,"third"
"441",277,"Swellow","FLYING",430,60,85,60,50,50,125,"third"
"442",278,"Wingull","WATER",270,40,30,30,55,30,85,"third"
"443",278,"Wingull","FLYING",270,40,30,30,55,30,85,"third"
"444",279,"Pelipper","WATER",430,60,50,100,85,70,65,"third"
"445",279,"Pelipper","FLYING",430,60,50,100,85,70,65,"third"
"446",280,"Ralts","PSYCHIC",198,28,25,25,45,35,40,"third"
"447",280,"Ralts","FAIRY",198,28,25,25,45,35,40,"third"
"448",281,"Kirlia","PSYCHIC",278,38,35,35,65,55,50,"third"
"449",281,"Kirlia","FAIRY",278,38,35,35,65,55,50,"third"
"450",282,"Gardevoir","PSYCHIC",518,68,65,65,125,115,80,"third"
"451",282,"Gardevoir","FAIRY",518,68,65,65,125,115,80,"third"
"452",282.1,"Mega Gardevoir","PSYCHIC",618,68,85,65,165,135,100,"third"
"453",282.1,"Mega Gardevoir","FAIRY",618,68,85,65,165,135,100,"third"
"454",283,"Surskit","BUG",269,40,30,32,50,52,65,"third"
"455",283,"Surskit","WATER",269,40,30,32,50,52,65,"third"
"456",284,"Masquerain","BUG",414,70,60,62,80,82,60,"third"
"457",284,"Masquerain","FLYING",414,70,60,62,80,82,60,"third"
"458",285,"Shroomish","GRASS",295,60,40,60,40,60,35,"third"
"459",286,"Breloom","GRASS",460,60,130,80,60,60,70,"third"
"460",286,"Breloom","FIGHTING",460,60,130,80,60,60,70,"third"
"461",287,"Slakoth","NORMAL",280,60,60,60,35,35,30,"third"
"462",288,"Vigoroth","NORMAL",440,80,80,80,55,55,90,"third"
"463",289,"Slaking","NORMAL",670,150,160,100,95,65,100,"third"
"464",290,"Nincada","BUG",266,31,45,90,30,30,40,"third"
"465",290,"Nincada","GROUND",266,31,45,90,30,30,40,"third"
"466",291,"Ninjask","BUG",456,61,90,45,50,50,160,"third"
"467",291,"Ninjask","FLYING",456,61,90,45,50,50,160,"third"
"468",292,"Shedinja","BUG",236,1,90,45,30,30,40,"third"
"469",292,"Shedinja","GHOST",236,1,90,45,30,30,40,"third"
"470",293,"Whismur","NORMAL",240,64,51,23,51,23,28,"third"
"471",294,"Loudred","NORMAL",360,84,71,43,71,43,48,"third"
"472",295,"Exploud","NORMAL",480,104,91,63,91,63,68,"third"
"473",296,"Makuhita","FIGHTING",237,72,60,30,20,30,25,"third"
"474",297,"Hariyama","FIGHTING",474,144,120,60,40,60,50,"third"
"475",298,"Azurill","NORMAL",190,50,20,40,20,40,20,"third"
"476",298,"Azurill","FAIRY",190,50,20,40,20,40,20,"third"
"477",299,"Nosepass","ROCK",375,30,45,135,45,90,30,"third"
"478",300,"Skitty","NORMAL",260,50,45,45,35,35,50,"third"
"479",301,"Delcatty","NORMAL",380,70,65,65,55,55,70,"third"
"480",302,"Sableye","DARK",380,50,75,75,65,65,50,"third"
"481",302,"Sableye","GHOST",380,50,75,75,65,65,50,"third"
"482",303,"Mawile","STEEL",380,50,85,85,55,55,50,"third"
"483",303,"Mawile","FAIRY",380,50,85,85,55,55,50,"third"
"484",303.1,"Mega Mawile","STEEL",520,50,105,125,55,95,90,"third"
"485",303.1,"Mega Mawile","FAIRY",520,50,105,125,55,95,90,"third"
"486",304,"Aron","STEEL",330,50,70,100,40,40,30,"third"
"487",304,"Aron","ROCK",330,50,70,100,40,40,30,"third"
"488",305,"Lairon","STEEL",430,60,90,140,50,50,40,"third"
"489",305,"Lairon","ROCK",430,60,90,140,50,50,40,"third"
"490",306,"Aggron","STEEL",530,70,110,180,60,60,50,"third"
"491",306,"Aggron","ROCK",530,70,110,180,60,60,50,"third"
"492",306.1,"Mega Aggron","STEEL",630,70,140,230,60,80,50,"third"
"493",306.1,"Mega Aggron","STEEL",630,70,140,230,60,80,50,"third"
"494",307,"Meditite","FIGHTING",280,30,40,55,40,55,60,"third"
"495",307,"Meditite","PSYCHIC",280,30,40,55,40,55,60,"third"
"496",308,"Medicham","FIGHTING",410,60,60,75,60,75,80,"third"
"497",308,"Medicham","PSYCHIC",410,60,60,75,60,75,80,"third"
"498",308.1,"Mega Medicham","FIGHTING",510,60,100,85,80,85,100,"third"
"499",308.1,"Mega Medicham","PSYCHIC",510,60,100,85,80,85,100,"third"
"500",309,"Electrike","ELECTRIC",295,40,45,40,65,40,65,"third"
"501",310,"Manectric","ELECTRIC",475,70,75,60,105,60,105,"third"
"502",310.1,"Mega Manectric","ELECTRIC",575,70,75,80,135,80,135,"third"
"503",310.1,"Mega Manectric","ELECTRIC",575,70,75,80,135,80,135,"third"
"504",311,"Plusle","ELECTRIC",405,60,50,40,85,75,95,"third"
"505",312,"Minun","ELECTRIC",405,60,40,50,75,85,95,"third"
"506",313,"Volbeat","BUG",400,65,73,55,47,75,85,"third"
"507",314,"Illumise","BUG",400,65,47,55,73,75,85,"third"
"508",315,"Roselia","GRASS",400,50,60,45,100,80,65,"third"
"509",315,"Roselia","POISON",400,50,60,45,100,80,65,"third"
"510",316,"Gulpin","POISON",302,70,43,53,43,53,40,"third"
"511",317,"Swalot","POISON",467,100,73,83,73,83,55,"third"
"512",318,"Carvanha","WATER",305,45,90,20,65,20,65,"third"
"513",318,"Carvanha","DARK",305,45,90,20,65,20,65,"third"
"514",319,"Sharpedo","WATER",460,70,120,40,95,40,95,"third"
"515",319,"Sharpedo","DARK",460,70,120,40,95,40,95,"third"
"516",320,"Wailmer","WATER",400,130,70,35,70,35,60,"third"
"517",321,"Wailord","WATER",500,170,90,45,90,45,60,"third"
"518",322,"Numel","FIRE",305,60,60,40,65,45,35,"third"
"519",322,"Numel","GROUND",305,60,60,40,65,45,35,"third"
"520",323,"Camerupt","FIRE",460,70,100,70,105,75,40,"third"
"521",323,"Camerupt","GROUND",460,70,100,70,105,75,40,"third"
"522",324,"Torkoal","FIRE",470,70,85,140,85,70,20,"third"
"523",325,"Spoink","PSYCHIC",330,60,25,35,70,80,60,"third"
"524",326,"Grumpig","PSYCHIC",470,80,45,65,90,110,80,"third"
"525",327,"Spinda","NORMAL",360,60,60,60,60,60,60,"third"
"526",328,"Trapinch","GROUND",290,45,100,45,45,45,10,"third"
"527",329,"Vibrava","GROUND",340,50,70,50,50,50,70,"third"
"528",329,"Vibrava","DRAGON",340,50,70,50,50,50,70,"third"
"529",330,"Flygon","GROUND",520,80,100,80,80,80,100,"third"
"530",330,"Flygon","DRAGON",520,80,100,80,80,80,100,"third"
"531",331,"Cacnea","GRASS",335,50,85,40,85,40,35,"third"
"532",332,"Cacturne","GRASS",475,70,115,60,115,60,55,"third"
"533",332,"Cacturne","DARK",475,70,115,60,115,60,55,"third"
"534",333,"Swablu","NORMAL",310,45,40,60,40,75,50,"third"
"535",333,"Swablu","FLYING",310,45,40,60,40,75,50,"third"
"536",334,"Altaria","DRAGON",490,75,70,90,70,105,80,"third"
"537",334,"Altaria","FLYING",490,75,70,90,70,105,80,"third"
"538",335,"Zangoose","NORMAL",458,73,115,60,60,60,90,"third"
"539",336,"Seviper","POISON",458,73,100,60,100,60,65,"third"
"540",337,"Lunatone","ROCK",440,70,55,65,95,85,70,"third"
"541",337,"Lunatone","PSYCHIC",440,70,55,65,95,85,70,"third"
"542",338,"Solrock","ROCK",440,70,95,85,55,65,70,"third"
"543",338,"Solrock","PSYCHIC",440,70,95,85,55,65,70,"third"
"544",339,"Barboach","WATER",288,50,48,43,46,41,60,"third"
"545",339,"Barboach","GROUND",288,50,48,43,46,41,60,"third"
"546",340,"Whiscash","WATER",468,110,78,73,76,71,60,"third"
"547",340,"Whiscash","GROUND",468,110,78,73,76,71,60,"third"
"548",341,"Corphish","WATER",308,43,80,65,50,35,35,"third"
"549",342,"Crawdaunt","WATER",468,63,120,85,90,55,55,"third"
"550",342,"Crawdaunt","DARK",468,63,120,85,90,55,55,"third"
"551",343,"Baltoy","GROUND",300,40,40,55,40,70,55,"third"
"552",343,"Baltoy","PSYCHIC",300,40,40,55,40,70,55,"third"
"553",344,"Claydol","GROUND",500,60,70,105,70,120,75,"third"
"554",344,"Claydol","PSYCHIC",500,60,70,105,70,120,75,"third"
"555",345,"Lileep","ROCK",355,66,41,77,61,87,23,"third"
"556",345,"Lileep","GRASS",355,66,41,77,61,87,23,"third"
"557",346,"Cradily","ROCK",495,86,81,97,81,107,43,"third"
"558",346,"Cradily","GRASS",495,86,81,97,81,107,43,"third"
"559",347,"Anorith","ROCK",355,45,95,50,40,50,75,"third"
"560",347,"Anorith","BUG",355,45,95,50,40,50,75,"third"
"561",348,"Armaldo","ROCK",495,75,125,100,70,80,45,"third"
"562",348,"Armaldo","BUG",495,75,125,100,70,80,45,"third"
"563",349,"Feebas","WATER",200,20,15,20,10,55,80,"third"
"564",350,"Milotic","WATER",540,95,60,79,100,125,81,"third"
"565",351,"Castform","NORMAL",420,70,70,70,70,70,70,"third"
"566",352,"Kecleon","NORMAL",440,60,90,70,60,120,40,"third"
"567",353,"Shuppet","GHOST",295,44,75,35,63,33,45,"third"
"568",354,"Banette","GHOST",455,64,115,65,83,63,65,"third"
"569",354.1,"Mega Banette","GHOST",555,64,165,75,93,83,75,"third"
"570",354.1,"Mega Banette","GHOST",555,64,165,75,93,83,75,"third"
"571",355,"Duskull","GHOST",295,20,40,90,30,90,25,"third"
"572",356,"Dusclops","GHOST",455,40,70,130,60,130,25,"third"
"573",357,"Tropius","GRASS",460,99,68,83,72,87,51,"third"
"574",357,"Tropius","FLYING",460,99,68,83,72,87,51,"third"
"575",358,"Chimecho","PSYCHIC",425,65,50,70,95,80,65,"third"
"576",359,"Absol","DARK",465,65,130,60,75,60,75,"third"
"577",359.1,"Mega Absol","DARK",565,65,150,60,115,60,115,"third"
"578",359.1,"Mega Absol","DARK",565,65,150,60,115,60,115,"third"
"579",360,"Wynaut","PSYCHIC",260,95,23,48,23,48,23,"third"
"580",361,"Snorunt","ICE",300,50,50,50,50,50,50,"third"
"581",362,"Glalie","ICE",480,80,80,80,80,80,80,"third"
"582",363,"Spheal","ICE",290,70,40,50,55,50,25,"third"
"583",363,"Spheal","WATER",290,70,40,50,55,50,25,"third"
"584",364,"Sealeo","ICE",410,90,60,70,75,70,45,"third"
"585",364,"Sealeo","WATER",410,90,60,70,75,70,45,"third"
"586",365,"Walrein","ICE",530,110,80,90,95,90,65,"third"
"587",365,"Walrein","WATER",530,110,80,90,95,90,65,"third"
"588",366,"Clamperl","WATER",345,35,64,85,74,55,32,"third"
"589",367,"Huntail","WATER",485,55,104,105,94,75,52,"third"
"590",368,"Gorebyss","WATER",485,55,84,105,114,75,52,"third"
"591",369,"Relicanth","WATER",485,100,90,130,45,65,55,"third"
"592",369,"Relicanth","ROCK",485,100,90,130,45,65,55,"third"
"593",370,"Luvdisc","WATER",330,43,30,55,40,65,97,"third"
"594",371,"Bagon","DRAGON",300,45,75,60,40,30,50,"third"
"595",372,"Shelgon","DRAGON",420,65,95,100,60,50,50,"third"
"596",373,"Salamence","DRAGON",600,95,135,80,110,80,100,"third"
"597",373,"Salamence","FLYING",600,95,135,80,110,80,100,"third"
"598",374,"Beldum","STEEL",300,40,55,80,35,60,30,"third"
"599",374,"Beldum","PSYCHIC",300,40,55,80,35,60,30,"third"
"600",375,"Metang","STEEL",420,60,75,100,55,80,50,"third"
"601",375,"Metang","PSYCHIC",420,60,75,100,55,80,50,"third"
"602",376,"Metagross","STEEL",600,80,135,130,95,90,70,"third"
"603",376,"Metagross","PSYCHIC",600,80,135,130,95,90,70,"third"
"604",377,"Regirock","ROCK",580,80,100,200,50,100,50,"third"
"605",378,"Regice","ICE",580,80,50,100,100,200,50,"third"
"606",379,"Registeel","STEEL",580,80,75,150,75,150,50,"third"
"607",380,"Latias","DRAGON",600,80,80,90,110,130,110,"third"
"608",380,"Latias","PSYCHIC",600,80,80,90,110,130,110,"third"
"609",381,"Latios","DRAGON",600,80,90,80,130,110,110,"third"
"610",381,"Latios","PSYCHIC",600,80,90,80,130,110,110,"third"
"611",382,"Kyogre","WATER",670,100,100,90,150,140,90,"third"
"612",383,"Groudon","GROUND",670,100,150,140,100,90,90,"third"
"613",384,"Rayquaza","DRAGON",680,105,150,90,150,90,95,"third"
"614",384,"Rayquaza","FLYING",680,105,150,90,150,90,95,"third"
"615",385,"Jirachi","STEEL",600,100,100,100,100,100,100,"third"
"616",385,"Jirachi","PSYCHIC",600,100,100,100,100,100,100,"third"
"617",386,"Deoxys- Normal Forme","PSYCHIC",600,50,150,50,150,50,150,"third"
"618",386.1,"Deoxys- Attack Forme","PSYCHIC",600,50,180,20,180,20,150,"fourth"
"619",386.2,"Deoxys- Defense Forme","PSYCHIC",600,50,70,160,70,160,90,"fourth"
"620",386.3,"Deoxys- Speed Forme","PSYCHIC",600,50,95,90,95,90,180,"fourth"
"621",387,"Turtwig","GRASS",318,55,68,64,45,55,31,"fourth"
"622",388,"Grotle","GRASS",405,75,89,85,55,65,36,"fourth"
"623",389,"Torterra","GRASS",525,95,109,105,75,85,56,"fourth"
"624",389,"Torterra","GROUND",525,95,109,105,75,85,56,"fourth"
"625",390,"Chimchar","FIRE",309,44,58,44,58,44,61,"fourth"
"626",391,"Monferno","FIRE",405,64,78,52,78,52,81,"fourth"
"627",391,"Monferno","FIGHTING",405,64,78,52,78,52,81,"fourth"
"628",392,"Infernape","FIRE",534,76,104,71,104,71,108,"fourth"
"629",392,"Infernape","FIGHTING",534,76,104,71,104,71,108,"fourth"
"630",393,"Piplup","WATER",314,53,51,53,61,56,40,"fourth"
"631",394,"Prinplup","WATER",405,64,66,68,81,76,50,"fourth"
"632",395,"Empoleon","WATER",530,84,86,88,111,101,60,"fourth"
"633",395,"Empoleon","STEEL",530,84,86,88,111,101,60,"fourth"
"634",396,"Starly","NORMAL",245,40,55,30,30,30,60,"fourth"
"635",396,"Starly","FLYING",245,40,55,30,30,30,60,"fourth"
"636",397,"Staravia","NORMAL",340,55,75,50,40,40,80,"fourth"
"637",397,"Staravia","FLYING",340,55,75,50,40,40,80,"fourth"
"638",398,"Staraptor","NORMAL",475,85,120,70,50,50,100,"fourth"
"639",398,"Staraptor","FLYING",475,85,120,70,50,50,100,"fourth"
"640",399,"Bidoof","NORMAL",250,59,45,40,35,40,31,"fourth"
"641",400,"Bibarel","NORMAL",410,79,85,60,55,60,71,"fourth"
"642",400,"Bibarel","WATER",410,79,85,60,55,60,71,"fourth"
"643",401,"Kricketot","BUG",194,37,25,41,25,41,25,"fourth"
"644",402,"Kricketune","BUG",384,77,85,51,55,51,65,"fourth"
"645",403,"Shinx","ELECTRIC",263,45,65,34,40,34,45,"fourth"
"646",404,"Luxio","ELECTRIC",363,60,85,49,60,49,60,"fourth"
"647",405,"Luxray","ELECTRIC",523,80,120,79,95,79,70,"fourth"
"648",406,"Budew","GRASS",280,40,30,35,50,70,55,"fourth"
"649",406,"Budew","POISON",280,40,30,35,50,70,55,"fourth"
"650",407,"Roserade","GRASS",505,60,70,55,125,105,90,"fourth"
"651",407,"Roserade","POISON",505,60,70,55,125,105,90,"fourth"
"652",408,"Cranidos","ROCK",350,67,125,40,30,30,58,"fourth"
"653",409,"Rampardos","ROCK",495,97,165,60,65,50,58,"fourth"
"654",410,"Shieldon","ROCK",350,30,42,118,42,88,30,"fourth"
"655",410,"Shieldon","STEEL",350,30,42,118,42,88,30,"fourth"
"656",411,"Bastiodon","ROCK",495,60,52,168,47,138,30,"fourth"
"657",411,"Bastiodon","STEEL",495,60,52,168,47,138,30,"fourth"
"658",412,"Burmy","BUG",224,40,29,45,29,45,36,"fourth"
"659",413,"Wormadam- Plant Cloak","BUG",424,60,59,85,79,105,36,"fourth"
"660",413.1,"Wormadam- Sandy Cloak","BUG",424,60,79,105,59,85,36,"fourth"
"661",413,"Wormadam- Trash Cloak","BUG",424,60,69,95,69,95,36,"fourth"
"662",414,"Mothim","BUG",424,70,94,50,94,50,66,"fourth"
"663",414,"Mothim","FLYING",424,70,94,50,94,50,66,"fourth"
"664",415,"Combee","BUG",244,30,30,42,30,42,70,"fourth"
"665",415,"Combee","FLYING",244,30,30,42,30,42,70,"fourth"
"666",416,"Vespiquen","BUG",474,70,80,102,80,102,40,"fourth"
"667",416,"Vespiquen","FLYING",474,70,80,102,80,102,40,"fourth"
"668",417,"Pachirisu","ELECTRIC",405,60,45,70,45,90,95,"fourth"
"669",418,"Buizel","WATER",330,55,65,35,60,30,85,"fourth"
"670",419,"Floatzel","WATER",495,85,105,55,85,50,115,"fourth"
"671",420,"Cherubi","GRASS",275,45,35,45,62,53,35,"fourth"
"672",421,"Cherrim","GRASS",450,70,60,70,87,78,85,"fourth"
"673",422,"Shellos","WATER",325,76,48,48,57,62,34,"fourth"
"674",423,"Gastrodon","WATER",475,111,83,68,92,82,39,"fourth"
"675",423,"Gastrodon","GROUND",475,111,83,68,92,82,39,"fourth"
"676",424,"Ambipom","NORMAL",482,75,100,66,60,66,115,"fourth"
"677",425,"Drifloon","GHOST",348,90,50,34,60,44,70,"fourth"
"678",425,"Drifloon","FLYING",348,90,50,34,60,44,70,"fourth"
"679",426,"Drifblim","GHOST",498,150,80,44,90,54,80,"fourth"
"680",426,"Drifblim","FLYING",498,150,80,44,90,54,80,"fourth"
"681",427,"Buneary","NORMAL",350,55,66,44,44,56,85,"fourth"
"682",428,"Lopunny","NORMAL",480,65,76,84,54,96,105,"fourth"
"683",429,"Mismagius","GHOST",495,60,60,60,105,105,105,"fourth"
"684",430,"Honchkrow","DARK",505,100,125,52,105,52,71,"fourth"
"685",430,"Honchkrow","FLYING",505,100,125,52,105,52,71,"fourth"
"686",431,"Glameow","NORMAL",310,49,55,42,42,37,85,"fourth"
"687",432,"Purugly","NORMAL",452,71,82,64,64,59,112,"fourth"
"688",433,"Chingling","PSYCHIC",285,45,30,50,65,50,45,"fourth"
"689",434,"Stunky","POISON",329,63,63,47,41,41,74,"fourth"
"690",434,"Stunky","DARK",329,63,63,47,41,41,74,"fourth"
"691",435,"Skuntank","POISON",479,103,93,67,71,61,84,"fourth"
"692",435,"Skuntank","DARK",479,103,93,67,71,61,84,"fourth"
"693",436,"Bronzor","STEEL",300,57,24,86,24,86,23,"fourth"
"694",436,"Bronzor","PSYCHIC",300,57,24,86,24,86,23,"fourth"
"695",437,"Bronzong","STEEL",500,67,89,116,79,116,33,"fourth"
"696",437,"Bronzong","PSYCHIC",500,67,89,116,79,116,33,"fourth"
"697",438,"Bonsly","ROCK",290,50,80,95,10,45,10,"fourth"
"698",439,"Mime Jr.","PSYCHIC",310,20,25,45,70,90,60,"fourth"
"699",439,"Mime Jr.","FAIRY",310,20,25,45,70,90,60,"fourth"
"700",440,"Happiny","NORMAL",220,100,5,5,15,65,30,"fourth"
"701",441,"Chatot","NORMAL",411,76,65,45,92,42,91,"fourth"
"702",441,"Chatot","FLYING",411,76,65,45,92,42,91,"fourth"
"703",442,"Spiritomb","GHOST",485,50,92,108,92,108,35,"fourth"
"704",442,"Spiritomb","DARK",485,50,92,108,92,108,35,"fourth"
"705",443,"Gible","DRAGON",300,58,70,45,40,45,42,"fourth"
"706",443,"Gible","GROUND",300,58,70,45,40,45,42,"fourth"
"707",444,"Gabite","DRAGON",410,68,90,65,50,55,82,"fourth"
"708",444,"Gabite","GROUND",410,68,90,65,50,55,82,"fourth"
"709",445,"Garchomp","DRAGON",600,108,130,95,80,85,102,"fourth"
"710",445,"Garchomp","GROUND",600,108,130,95,80,85,102,"fourth"
"711",445.1,"Mega Garchomp","DRAGON",700,108,170,115,120,95,92,"fourth"
"712",445.1,"Mega Garchomp","GROUND",700,108,170,115,120,95,92,"fourth"
"713",446,"Munchlax","NORMAL",390,135,85,40,40,85,5,"fourth"
"714",447,"Riolu","FIGHTING",285,40,70,40,35,40,60,"fourth"
"715",448,"Lucario","FIGHTING",525,70,110,70,115,70,90,"fourth"
"716",448,"Lucario","STEEL",525,70,110,70,115,70,90,"fourth"
"717",448.1,"Mega Lucario","FIGHTING",625,70,145,88,140,70,112,"fourth"
"718",448.1,"Mega Lucario","STEEL",625,70,145,88,140,70,112,"fourth"
"719",449,"Hippopotas","GROUND",330,68,72,78,38,42,32,"fourth"
"720",450,"Hippowdon","GROUND",525,108,112,118,68,72,47,"fourth"
"721",451,"Skorupi","POISON",330,40,50,90,30,55,65,"fourth"
"722",451,"Skorupi","BUG",330,40,50,90,30,55,65,"fourth"
"723",452,"Drapion","POISON",500,70,90,110,60,75,95,"fourth"
"724",452,"Drapion","DARK",500,70,90,110,60,75,95,"fourth"
"725",453,"Croagunk","POISON",300,48,61,40,61,40,50,"fourth"
"726",453,"Croagunk","FIGHTING",300,48,61,40,61,40,50,"fourth"
"727",454,"Toxicroak","POISON",490,83,106,65,86,65,85,"fourth"
"728",454,"Toxicroak","FIGHTING",490,83,106,65,86,65,85,"fourth"
"729",455,"Carnivine","GRASS",454,74,100,72,90,72,46,"fourth"
"730",456,"Finneon","WATER",330,49,49,56,49,61,66,"fourth"
"731",457,"Lumineon","WATER",460,69,69,76,69,86,91,"fourth"
"732",458,"Mantyke","WATER",345,45,20,50,60,120,50,"fourth"
"733",458,"Mantyke","FLYING",345,45,20,50,60,120,50,"fourth"
"734",459,"Snover","GRASS",334,60,62,50,62,60,40,"fourth"
"735",459,"Snover","ICE",334,60,62,50,62,60,40,"fourth"
"736",460,"Abomasnow","GRASS",494,90,92,75,92,85,60,"fourth"
"737",460,"Abomasnow","ICE",494,90,92,75,92,85,60,"fourth"
"738",460.1,"Mega Abomasnow","GRASS",594,90,132,105,132,105,30,"fourth"
"739",460.1,"Mega Abomasnow","ICE",594,90,132,105,132,105,30,"fourth"
"740",461,"Weavile","DARK",510,70,120,65,45,85,125,"fourth"
"741",461,"Weavile","ICE",510,70,120,65,45,85,125,"fourth"
"742",462,"Magnezone","ELECTRIC",535,70,70,115,130,90,60,"fourth"
"743",462,"Magnezone","STEEL",535,70,70,115,130,90,60,"fourth"
"744",463,"Lickilicky","NORMAL",515,110,85,95,80,95,50,"fourth"
"745",464,"Rhyperior","GROUND",535,115,140,130,55,55,40,"fourth"
"746",464,"Rhyperior","ROCK",535,115,140,130,55,55,40,"fourth"
"747",465,"Tangrowth","GRASS",535,100,100,125,110,50,50,"fourth"
"748",466,"Electivire","ELECTRIC",540,75,123,67,95,85,95,"fourth"
"749",467,"Magmortar","FIRE",540,75,95,67,125,95,83,"fourth"
"750",468,"Togekiss","FAIRY",545,85,50,95,120,115,80,"fourth"
"751",468,"Togekiss","FLYING",545,85,50,95,120,115,80,"fourth"
"752",469,"Yanmega","BUG",515,86,76,86,116,56,95,"fourth"
"753",469,"Yanmega","FLYING",515,86,76,86,116,56,95,"fourth"
"754",470,"Leafeon","GRASS",525,65,110,130,60,65,95,"fourth"
"755",471,"Glaceon","ICE",525,65,60,110,130,95,65,"fourth"
"756",472,"Gliscor","GROUND",510,75,95,125,45,75,95,"fourth"
"757",472,"Gliscor","FLYING",510,75,95,125,45,75,95,"fourth"
"758",473,"Mamoswine","ICE",530,110,130,80,70,60,80,"fourth"
"759",473,"Mamoswine","GROUND",530,110,130,80,70,60,80,"fourth"
"760",474,"Porygon-Z","NORMAL",535,85,80,70,135,75,90,"fourth"
"761",475,"Gallade","PSYCHIC",518,68,125,65,65,115,80,"fourth"
"762",475,"Gallade","FIGHTING",518,68,125,65,65,115,80,"fourth"
"763",476,"Probopass","ROCK",525,60,55,145,75,150,40,"fourth"
"764",476,"Probopass","STEEL",525,60,55,145,75,150,40,"fourth"
"765",477,"Dusknoir","GHOST",525,45,100,135,65,135,45,"fourth"
"766",478,"Froslass","ICE",480,70,80,70,80,70,110,"fourth"
"767",478,"Froslass","GHOST",480,70,80,70,80,70,110,"fourth"
"768",479,"Rotom","ELECTRIC",440,50,50,77,95,77,91,"fourth"
"769",479,"Rotom","GHOST",440,50,50,77,95,77,91,"fourth"
"770",479.1,"Heat Rotom","ELECTRIC",520,50,65,107,105,107,86,"fourth"
"771",479.1,"Heat Rotom","FIRE",520,50,65,107,105,107,86,"fourth"
"772",479.2,"Wash Rotom","ELECTRIC",520,50,65,107,105,107,86,"fourth"
"773",479.2,"Wash Rotom","WATER",520,50,65,107,105,107,86,"fourth"
"774",479.3,"Frost Rotom","ELECTRIC",520,50,65,107,105,107,86,"fourth"
"775",479.3,"Frost Rotom","ICE",520,50,65,107,105,107,86,"fourth"
"776",479.4,"Fan Rotom","ELECTRIC",520,50,65,107,105,107,86,"fourth"
"777",479.4,"Fan Rotom","FLYING",520,50,65,107,105,107,86,"fourth"
"778",479.5,"Mow Rotom","ELECTRIC",520,50,65,107,105,107,86,"fourth"
"779",479.5,"Mow Rotom","GRASS",520,50,65,107,105,107,86,"fourth"
"780",480,"Uxie","PSYCHIC",580,75,75,130,75,130,95,"fourth"
"781",481,"Mesprit","PSYCHIC",580,80,105,105,105,105,80,"fourth"
"782",482,"Azelf","PSYCHIC",580,75,125,70,125,70,115,"fourth"
"783",483,"Dialga","STEEL",680,100,120,120,150,100,90,"fourth"
"784",483,"Dialga","DRAGON",680,100,120,120,150,100,90,"fourth"
"785",484,"Palkia","WATER",680,90,120,100,150,120,100,"fourth"
"786",484,"Palkia","DRAGON",680,90,120,100,150,120,100,"fourth"
"787",485,"Heatran","FIRE",600,91,90,106,130,106,77,"fourth"
"788",485,"Heatran","STEEL",600,91,90,106,130,106,77,"fourth"
"789",486,"Regigigas","NORMAL",670,110,160,110,80,110,100,"fourth"
"790",487,"Giratina- Altered Forme","GHOST",680,150,100,120,100,120,90,"fourth"
"791",487,"Giratina- Altered Forme","DRAGON",680,150,100,120,100,120,90,"fourth"
"792",487.1,"Giratina- Origin Forme","GHOST",680,150,120,100,120,100,90,"fourth"
"793",487.1,"Giratina- Origin Forme","DRAGON",680,150,120,100,120,100,90,"fourth"
"794",488,"Cresselia","PSYCHIC",600,120,70,120,75,130,85,"fourth"
"795",489,"Phione","WATER",480,80,80,80,80,80,80,"fourth"
"796",490,"Manaphy","WATER",600,100,100,100,100,100,100,"fourth"
"797",491,"Darkrai","DARK",600,70,90,90,135,90,125,"fourth"
"798",492,"Shaymin- Land Forme","GRASS",600,100,100,100,100,100,100,"fourth"
"799",492.1,"Shaymin- Sky Forme","GRASS",600,100,103,75,120,75,127,"fourth"
"800",492.1,"Shaymin- Sky Forme","FLYING",600,100,103,75,120,75,127,"fourth"
"801",493,"Arceus","NORMAL",720,120,120,120,120,120,120,"fourth"
"802",494,"Victini","PSYCHIC",600,100,100,100,100,100,100,"fifth"
"803",494,"Victini","FIRE",600,100,100,100,100,100,100,"fifth"
"804",495,"Snivy","GRASS",308,45,45,55,45,55,63,"fifth"
"805",496,"Servine","GRASS",413,60,60,75,60,75,83,"fifth"
"806",497,"Serperior","GRASS",528,75,75,95,75,95,113,"fifth"
"807",498,"Tepig","FIRE",308,65,63,45,45,45,45,"fifth"
"808",499,"Pignite","FIRE",418,90,93,55,70,55,55,"fifth"
"809",499,"Pignite","FIGHTING",418,90,93,55,70,55,55,"fifth"
"810",500,"Emboar","FIRE",528,110,123,65,100,65,65,"fifth"
"811",500,"Emboar","FIGHTING",528,110,123,65,100,65,65,"fifth"
"812",501,"Oshawott","WATER",308,55,55,45,63,45,45,"fifth"
"813",502,"Dewott","WATER",413,75,75,60,83,60,60,"fifth"
"814",503,"Samurott","WATER",528,95,100,85,108,70,70,"fifth"
"815",504,"Patrat","NORMAL",255,45,55,39,35,39,42,"fifth"
"816",505,"Watchog","NORMAL",420,60,85,69,60,69,77,"fifth"
"817",506,"Lillipup","NORMAL",275,45,60,45,25,45,55,"fifth"
"818",507,"Herdier","NORMAL",370,65,80,65,35,65,60,"fifth"
"819",508,"Stoutland","NORMAL",490,85,100,90,45,90,80,"fifth"
"820",509,"Purrloin","DARK",281,41,50,37,50,37,66,"fifth"
"821",510,"Liepard","DARK",446,64,88,50,88,50,106,"fifth"
"822",511,"Pansage","GRASS",316,50,53,48,53,48,64,"fifth"
"823",512,"Simisage","GRASS",498,75,98,63,98,63,101,"fifth"
"824",513,"Pansear","FIRE",316,50,53,48,53,48,64,"fifth"
"825",514,"Simisear","FIRE",498,75,98,63,98,63,101,"fifth"
"826",515,"Panpour","WATER",316,50,53,48,53,48,64,"fifth"
"827",516,"Simipour","WATER",498,75,98,63,98,63,101,"fifth"
"828",517,"Munna","PSYCHIC",292,76,25,45,67,55,24,"fifth"
"829",518,"Musharna","PSYCHIC",487,116,55,85,107,95,29,"fifth"
"830",519,"Pidove","NORMAL",264,50,55,50,36,30,43,"fifth"
"831",519,"Pidove","FLYING",264,50,55,50,36,30,43,"fifth"
"832",520,"Tranquill","NORMAL",358,62,77,62,50,42,65,"fifth"
"833",520,"Tranquill","FLYING",358,62,77,62,50,42,65,"fifth"
"834",521,"Unfezant","NORMAL",478,80,105,80,65,55,93,"fifth"
"835",521,"Unfezant","FLYING",478,80,105,80,65,55,93,"fifth"
"836",522,"Blitzle","ELECTRIC",295,45,60,32,50,32,76,"fifth"
"837",523,"Zebstrika","ELECTRIC",497,75,100,63,80,63,116,"fifth"
"838",524,"Roggenrola","ROCK",280,55,75,85,25,25,15,"fifth"
"839",525,"Boldore","ROCK",390,70,105,105,50,40,20,"fifth"
"840",526,"Gigalith","ROCK",505,85,135,130,60,70,25,"fifth"
"841",527,"Woobat","PSYCHIC",313,55,45,43,55,43,72,"fifth"
"842",527,"Woobat","FLYING",313,55,45,43,55,43,72,"fifth"
"843",528,"Swoobat","PSYCHIC",425,67,57,55,77,55,114,"fifth"
"844",528,"Swoobat","FLYING",425,67,57,55,77,55,114,"fifth"
"845",529,"Drilbur","GROUND",328,60,85,40,30,45,68,"fifth"
"846",530,"Excadrill","GROUND",508,110,135,60,50,65,88,"fifth"
"847",530,"Excadrill","STEEL",508,110,135,60,50,65,88,"fifth"
"848",531,"Audino","NORMAL",445,103,60,86,60,86,50,"fifth"
"849",532,"Timburr","FIGHTING",305,75,80,55,25,35,35,"fifth"
"850",533,"Gurdurr","FIGHTING",405,85,105,85,40,50,40,"fifth"
"851",534,"Conkeldurr","FIGHTING",505,105,140,95,55,65,45,"fifth"
"852",535,"Tympole","WATER",294,50,50,40,50,40,64,"fifth"
"853",536,"Palpitoad","WATER",384,75,65,55,65,55,69,"fifth"
"854",536,"Palpitoad","GROUND",384,75,65,55,65,55,69,"fifth"
"855",537,"Seismitoad","WATER",499,105,85,75,85,75,74,"fifth"
"856",537,"Seismitoad","GROUND",499,105,85,75,85,75,74,"fifth"
"857",538,"Throh","FIGHTING",465,120,100,85,30,85,45,"fifth"
"858",539,"Sawk","FIGHTING",465,75,125,75,30,75,85,"fifth"
"859",540,"Sewaddle","BUG",310,45,53,70,40,60,42,"fifth"
"860",540,"Sewaddle","GRASS",310,45,53,70,40,60,42,"fifth"
"861",541,"Swadloon","BUG",380,55,63,90,50,80,42,"fifth"
"862",541,"Swadloon","GRASS",380,55,63,90,50,80,42,"fifth"
"863",542,"Leavanny","BUG",490,75,103,80,70,70,92,"fifth"
"864",542,"Leavanny","GRASS",490,75,103,80,70,70,92,"fifth"
"865",543,"Venipede","BUG",260,30,45,59,30,39,57,"fifth"
"866",543,"Venipede","POISON",260,30,45,59,30,39,57,"fifth"
"867",544,"Whirlipede","BUG",360,40,55,99,40,79,47,"fifth"
"868",544,"Whirlipede","POISON",360,40,55,99,40,79,47,"fifth"
"869",545,"Scolipede","BUG",475,60,90,89,55,69,112,"fifth"
"870",545,"Scolipede","POISON",475,60,90,89,55,69,112,"fifth"
"871",546,"Cottonee","GRASS",280,40,27,60,37,50,66,"fifth"
"872",547,"Whimsicott","GRASS",480,60,67,85,77,75,116,"fifth"
"873",548,"Petilil","GRASS",280,45,35,50,70,50,30,"fifth"
"874",549,"Lilligant","GRASS",480,70,60,75,110,75,90,"fifth"
"875",550,"Basculin","WATER",460,70,92,65,80,55,98,"fifth"
"876",551,"Sandile","GROUND",292,50,72,35,35,35,65,"fifth"
"877",551,"Sandile","DARK",292,50,72,35,35,35,65,"fifth"
"878",552,"Krokorok","GROUND",351,60,82,45,45,45,74,"fifth"
"879",552,"Krokorok","DARK",351,60,82,45,45,45,74,"fifth"
"880",553,"Krookodile","GROUND",509,95,117,70,65,70,92,"fifth"
"881",553,"Krookodile","DARK",509,95,117,70,65,70,92,"fifth"
"882",554,"Darumaka","FIRE",315,70,90,45,15,45,50,"fifth"
"883",555,"Darmanitan- Standard Mode","FIRE",480,105,140,55,30,55,95,"fifth"
"884",555,"Darmanitan- Standard Mode","FIRE",480,105,140,55,30,55,95,"fifth"
"885",555.1,"Darmanitan- Zen Mode","FIRE",540,105,30,105,140,105,55,"fifth"
"886",555.1,"Darmanitan- Zen Mode","PSYCHIC",540,105,30,105,140,105,55,"fifth"
"887",556,"Maractus","GRASS",461,75,86,67,106,67,60,"fifth"
"888",557,"Dwebble","BUG",325,50,65,85,35,35,55,"fifth"
"889",557,"Dwebble","ROCK",325,50,65,85,35,35,55,"fifth"
"890",558,"Crustle","BUG",475,70,95,125,65,75,45,"fifth"
"891",558,"Crustle","ROCK",475,70,95,125,65,75,45,"fifth"
"892",559,"Scraggy","DARK",348,50,75,70,35,70,48,"fifth"
"893",559,"Scraggy","FIGHTING",348,50,75,70,35,70,48,"fifth"
"894",560,"Scrafty","DARK",488,65,90,115,45,115,58,"fifth"
"895",560,"Scrafty","FIGHTING",488,65,90,115,45,115,58,"fifth"
"896",561,"Sigilyph","PSYCHIC",490,72,58,80,103,80,97,"fifth"
"897",561,"Sigilyph","FLYING",490,72,58,80,103,80,97,"fifth"
"898",562,"Yamask","GHOST",303,38,30,85,55,65,30,"fifth"
"899",563,"Cofagrigus","GHOST",483,58,50,145,95,105,30,"fifth"
"900",564,"Tirtouga","WATER",355,54,78,103,53,45,22,"fifth"
"901",564,"Tirtouga","ROCK",355,54,78,103,53,45,22,"fifth"
"902",565,"Carracosta","WATER",495,74,108,133,83,65,32,"fifth"
"903",565,"Carracosta","ROCK",495,74,108,133,83,65,32,"fifth"
"904",566,"Archen","ROCK",401,55,112,45,74,45,70,"fifth"
"905",566,"Archen","FLYING",401,55,112,45,74,45,70,"fifth"
"906",567,"Archeops","ROCK",567,75,140,65,112,65,110,"fifth"
"907",567,"Archeops","FLYING",567,75,140,65,112,65,110,"fifth"
"908",568,"Trubbish","POISON",329,50,50,62,40,62,65,"fifth"
"909",569,"Garbodor","POISON",474,80,95,82,60,82,75,"fifth"
"910",570,"Zorua","DARK",330,40,65,40,80,40,65,"fifth"
"911",571,"Zoroark","DARK",510,60,105,60,120,60,105,"fifth"
"912",572,"Minccino","NORMAL",300,55,50,40,40,40,75,"fifth"
"913",573,"Cinccino","NORMAL",470,75,95,60,65,60,115,"fifth"
"914",574,"Gothita","PSYCHIC",290,45,30,50,55,65,45,"fifth"
"915",575,"Gothorita","PSYCHIC",390,60,45,70,75,85,55,"fifth"
"916",576,"Gothitelle","PSYCHIC",490,70,55,95,95,110,65,"fifth"
"917",577,"Solosis","PSYCHIC",290,45,30,40,105,50,20,"fifth"
"918",578,"Duosion","PSYCHIC",370,65,40,50,125,60,30,"fifth"
"919",579,"Reuniclus","PSYCHIC",490,110,65,75,125,85,30,"fifth"
"920",580,"Ducklett","WATER",305,62,44,50,44,50,55,"fifth"
"921",580,"Ducklett","FLYING",305,62,44,50,44,50,55,"fifth"
"922",581,"Swanna","WATER",473,75,87,63,87,63,98,"fifth"
"923",581,"Swanna","FLYING",473,75,87,63,87,63,98,"fifth"
"924",582,"Vanillite","ICE",305,36,50,50,65,60,44,"fifth"
"925",583,"Vanillish","ICE",395,51,65,65,80,75,59,"fifth"
"926",584,"Vanilluxe","ICE",535,71,95,85,110,95,79,"fifth"
"927",585,"Deerling","NORMAL",335,60,60,50,40,50,75,"fifth"
"928",585,"Deerling","GRASS",335,60,60,50,40,50,75,"fifth"
"929",586,"Sawsbuck","NORMAL",475,80,100,70,60,70,95,"fifth"
"930",586,"Sawsbuck","GRASS",475,80,100,70,60,70,95,"fifth"
"931",587,"Emolga","ELECTRIC",428,55,75,60,75,60,103,"fifth"
"932",587,"Emolga","FLYING",428,55,75,60,75,60,103,"fifth"
"933",588,"Karrablast","BUG",315,50,75,45,40,45,60,"fifth"
"934",589,"Escavalier","BUG",495,70,135,105,60,105,20,"fifth"
"935",589,"Escavalier","STEEL",495,70,135,105,60,105,20,"fifth"
"936",590,"Foongus","GRASS",294,69,55,45,55,55,15,"fifth"
"937",590,"Foongus","POISON",294,69,55,45,55,55,15,"fifth"
"938",591,"Amoonguss","GRASS",464,114,85,70,85,80,30,"fifth"
"939",591,"Amoonguss","POISON",464,114,85,70,85,80,30,"fifth"
"940",592,"Frillish","WATER",335,55,40,50,65,85,40,"fifth"
"941",592,"Frillish","GHOST",335,55,40,50,65,85,40,"fifth"
"942",593,"Jellicent","WATER",480,100,60,70,85,105,60,"fifth"
"943",593,"Jellicent","GHOST",480,100,60,70,85,105,60,"fifth"
"944",594,"Alomomola","WATER",470,165,75,80,40,45,65,"fifth"
"945",595,"Joltik","BUG",319,50,47,50,57,50,65,"fifth"
"946",595,"Joltik","ELECTRIC",319,50,47,50,57,50,65,"fifth"
"947",596,"Galvantula","BUG",472,70,77,60,97,60,108,"fifth"
"948",596,"Galvantula","ELECTRIC",472,70,77,60,97,60,108,"fifth"
"949",597,"Ferroseed","GRASS",305,44,50,91,24,86,10,"fifth"
"950",597,"Ferroseed","STEEL",305,44,50,91,24,86,10,"fifth"
"951",598,"Ferrothorn","GRASS",489,74,94,131,54,116,20,"fifth"
"952",598,"Ferrothorn","STEEL",489,74,94,131,54,116,20,"fifth"
"953",599,"Klink","STEEL",300,40,55,70,45,60,30,"fifth"
"954",600,"Klang","STEEL",440,60,80,95,70,85,50,"fifth"
"955",601,"Klinklang","STEEL",520,60,100,115,70,85,90,"fifth"
"956",602,"Tynamo","ELECTRIC",275,35,55,40,45,40,60,"fifth"
"957",603,"Eelektrik","ELECTRIC",405,65,85,70,75,70,40,"fifth"
"958",604,"Eelektross","ELECTRIC",515,85,115,80,105,80,50,"fifth"
"959",605,"Elgyem","PSYCHIC",335,55,55,55,85,55,30,"fifth"
"960",606,"Beheeyem","PSYCHIC",485,75,75,75,125,95,40,"fifth"
"961",607,"Litwick","GHOST",275,50,30,55,65,55,20,"fifth"
"962",607,"Litwick","FIRE",275,50,30,55,65,55,20,"fifth"
"963",608,"Lampent","GHOST",370,60,40,60,95,60,55,"fifth"
"964",608,"Lampent","FIRE",370,60,40,60,95,60,55,"fifth"
"965",609,"Chandelure","GHOST",520,60,55,90,145,90,80,"fifth"
"966",609,"Chandelure","FIRE",520,60,55,90,145,90,80,"fifth"
"967",610,"Axew","DRAGON",320,46,87,60,30,40,57,"fifth"
"968",611,"Fraxure","DRAGON",410,66,117,70,40,50,67,"fifth"
"969",612,"Haxorus","DRAGON",540,76,147,90,60,70,97,"fifth"
"970",613,"Cubchoo","ICE",305,55,70,40,60,40,40,"fifth"
"971",614,"Beartic","ICE",485,95,110,80,70,80,50,"fifth"
"972",615,"Cryogonal","ICE",485,70,50,30,95,135,105,"fifth"
"973",616,"Shelmet","BUG",305,50,40,85,40,65,25,"fifth"
"974",617,"Accelgor","BUG",495,80,70,40,100,60,145,"fifth"
"975",618,"Stunfisk","ELECTRIC",471,109,66,84,81,99,32,"fifth"
"976",618,"Stunfisk","GROUND",471,109,66,84,81,99,32,"fifth"
"977",619,"Mienfoo","FIGHTING",350,45,85,50,55,50,65,"fifth"
"978",620,"Mienshao","FIGHTING",510,65,125,60,95,60,105,"fifth"
"979",621,"Druddigon","DRAGON",485,77,120,90,60,90,48,"fifth"
"980",622,"Golett","GROUND",303,59,74,50,35,50,35,"fifth"
"981",622,"Golett","GHOST",303,59,74,50,35,50,35,"fifth"
"982",623,"Golurk","GROUND",483,89,124,80,55,80,55,"fifth"
"983",623,"Golurk","GHOST",483,89,124,80,55,80,55,"fifth"
"984",624,"Pawniard","DARK",340,45,85,70,40,40,60,"fifth"
"985",624,"Pawniard","STEEL",340,45,85,70,40,40,60,"fifth"
"986",625,"Bisharp","DARK",490,65,125,100,60,70,70,"fifth"
"987",625,"Bisharp","STEEL",490,65,125,100,60,70,70,"fifth"
"988",626,"Bouffalant","NORMAL",490,95,110,95,40,95,55,"fifth"
"989",627,"Rufflet","NORMAL",350,70,83,50,37,50,60,"fifth"
"990",627,"Rufflet","FLYING",350,70,83,50,37,50,60,"fifth"
"991",628,"Braviary","NORMAL",510,100,123,75,57,75,80,"fifth"
"992",628,"Braviary","FLYING",510,100,123,75,57,75,80,"fifth"
"993",629,"Vullaby","DARK",370,70,55,75,45,65,60,"fifth"
"994",629,"Vullaby","FLYING",370,70,55,75,45,65,60,"fifth"
"995",630,"Mandibuzz","DARK",510,110,65,105,55,95,80,"fifth"
"996",630,"Mandibuzz","FLYING",510,110,65,105,55,95,80,"fifth"
"997",631,"Heatmor","FIRE",484,85,97,66,105,66,65,"fifth"
"998",632,"Durant","BUG",484,58,109,112,48,48,109,"fifth"
"999",632,"Durant","STEEL",484,58,109,112,48,48,109,"fifth"
"1000",633,"Deino","DARK",300,52,65,50,45,50,38,"fifth"
"1001",633,"Deino","DRAGON",300,52,65,50,45,50,38,"fifth"
"1002",634,"Zweilous","DARK",420,72,85,70,65,70,58,"fifth"
"1003",634,"Zweilous","DRAGON",420,72,85,70,65,70,58,"fifth"
"1004",635,"Hydreigon","DARK",600,92,105,90,125,90,98,"fifth"
"1005",635,"Hydreigon","DRAGON",600,92,105,90,125,90,98,"fifth"
"1006",636,"Larvesta","BUG",360,55,85,55,50,55,60,"fifth"
"1007",636,"Larvesta","FIRE",360,55,85,55,50,55,60,"fifth"
"1008",637,"Volcarona","BUG",550,85,60,65,135,105,100,"fifth"
"1009",637,"Volcarona","FIRE",550,85,60,65,135,105,100,"fifth"
"1010",638,"Cobalion","STEEL",580,91,90,129,90,72,108,"fifth"
"1011",638,"Cobalion","FIGHTING",580,91,90,129,90,72,108,"fifth"
"1012",639,"Terrakion","ROCK",580,91,129,90,72,90,108,"fifth"
"1013",639,"Terrakion","FIGHTING",580,91,129,90,72,90,108,"fifth"
"1014",640,"Virizion","GRASS",580,91,90,72,90,129,108,"fifth"
"1015",640,"Virizion","FIGHTING",580,91,90,72,90,129,108,"fifth"
"1016",641,"Tornadus- Incarnate Forme","FLYING",580,79,115,70,125,80,111,"fifth"
"1017",641,"Tornadus- Incarnate Forme","FLYING",580,79,115,70,125,80,111,"fifth"
"1018",641.1,"Tornadus- Therian Forme","FLYING",580,79,100,80,110,90,121,"fifth"
"1019",641.1,"Tornadus- Therian Forme","FLYING",580,79,100,80,110,90,121,"fifth"
"1020",642,"Thundurus- Incarnate Forme","ELECTRIC",580,79,115,70,125,80,111,"fifth"
"1021",642,"Thundurus- Incarnate Forme","FLYING",580,79,115,70,125,80,111,"fifth"
"1022",642.1,"Thundurus- Therian Forme","ELECTRIC",580,79,105,70,145,80,101,"fifth"
"1023",642.1,"Thundurus- Therian Forme","FLYING",580,79,105,70,145,80,101,"fifth"
"1024",643,"Reshiram","DRAGON",680,100,120,100,150,120,90,"fifth"
"1025",643,"Reshiram","FIRE",680,100,120,100,150,120,90,"fifth"
"1026",644,"Zekrom","DRAGON",680,100,150,120,120,100,90,"fifth"
"1027",644,"Zekrom","ELECTRIC",680,100,150,120,120,100,90,"fifth"
"1028",645,"Landorus- Incarnate Forme","GROUND",600,89,125,90,115,80,101,"fifth"
"1029",645,"Landorus- Incarnate Forme","FLYING",600,89,125,90,115,80,101,"fifth"
"1030",645.1,"Landorus- Therian Forme","GROUND",600,89,145,90,105,80,91,"fifth"
"1031",645.1,"Landorus- Therian Forme","FLYING",600,89,145,90,105,80,91,"fifth"
"1032",646,"Kyurem","DRAGON",660,125,130,90,130,90,95,"fifth"
"1033",646,"Kyurem","ICE",660,125,130,90,130,90,95,"fifth"
"1034",646.1,"White Kyurem","DRAGON",700,125,120,90,170,100,95,"fifth"
"1035",646.1,"White Kyurem","ICE",700,125,120,90,170,100,95,"fifth"
"1036",646.2,"Black Kyurem","DRAGON",700,125,170,100,120,90,95,"fifth"
"1037",646.2,"Black Kyurem","ICE",700,125,170,100,120,90,95,"fifth"
"1038",647,"Keldeo- Ordinary Forme","WATER",580,91,72,90,129,90,108,"fifth"
"1039",647,"Keldeo- Ordinary Forme","FIGHTING",580,91,72,90,129,90,108,"fifth"
"1040",647.1,"Keldeo- Resolute Forme","WATER",580,91,72,90,129,90,108,"fifth"
"1041",647.1,"Keldeo- Resolute Forme","FIGHTING",580,91,72,90,129,90,108,"fifth"
"1042",648,"Meloetta- Aria Forme","NORMAL",600,100,77,77,128,128,90,"fifth"
"1043",648,"Meloetta- Aria Forme","PSYCHIC",600,100,77,77,128,128,90,"fifth"
"1044",648.1,"Meloetta- Pirouette Forme","NORMAL",600,100,128,90,77,77,128,"fifth"
"1045",648.1,"Meloetta- Pirouette Forme","FIGHTING",600,100,128,90,77,77,128,"fifth"
"1046",649,"Genesect","BUG",600,71,120,95,120,95,99,"fifth"
"1047",649,"Genesect","STEEL",600,71,120,95,120,95,99,"fifth"
"1048",650,"Chespin","GRASS",313,56,61,65,48,45,38,"sixth"
"1049",651,"Quilladin","GRASS",405,61,78,95,56,58,57,"sixth"
"1050",652,"Chesnaught","GRASS",530,88,107,122,74,75,64,"sixth"
"1051",652,"Chesnaught","FIGHTING",530,88,107,122,74,75,64,"sixth"
"1052",653,"Fennekin","FIRE",307,40,45,40,62,60,60,"sixth"
"1053",654,"Braixen","FIRE",409,59,59,58,90,70,73,"sixth"
"1054",655,"Delphox","FIRE",534,75,69,72,114,100,104,"sixth"
"1055",655,"Delphox","PSYCHIC",534,75,69,72,114,100,104,"sixth"
"1056",656,"Froakie","WATER",314,41,56,40,62,44,71,"sixth"
"1057",657,"Frogadier","WATER",405,54,63,52,83,56,97,"sixth"
"1058",658,"Greninja","WATER",530,72,95,67,103,71,122,"sixth"
"1059",658,"Greninja","DARK",530,72,95,67,103,71,122,"sixth"
"1060",659,"Bunnelby","NORMAL",237,38,36,38,32,36,57,"sixth"
"1061",660,"Diggersby","NORMAL",423,85,56,77,50,77,78,"sixth"
"1062",660,"Diggersby","GROUND",423,85,56,77,50,77,78,"sixth"
"1063",661,"Fletchling","NORMAL",278,45,50,43,40,38,62,"sixth"
"1064",661,"Fletchling","FLYING",278,45,50,43,40,38,62,"sixth"
"1065",662,"Fletchinder","FIRE",382,62,73,55,56,52,84,"sixth"
"1066",662,"Fletchinder","FLYING",382,62,73,55,56,52,84,"sixth"
"1067",663,"Talonflame","FIRE",499,78,81,71,74,69,126,"sixth"
"1068",663,"Talonflame","FLYING",499,78,81,71,74,69,126,"sixth"
"1069",664,"Scatterbug","BUG",200,38,35,40,27,25,35,"sixth"
"1070",665,"Spewpa","BUG",213,45,22,60,27,30,29,"sixth"
"1071",666,"Vivillon","BUG",411,80,52,50,90,50,89,"sixth"
"1072",666,"Vivillon","FLYING",411,80,52,50,90,50,89,"sixth"
"1073",667,"Litleo","FIRE",369,62,50,58,73,54,72,"sixth"
"1074",667,"Litleo","NORMAL",369,62,50,58,73,54,72,"sixth"
"1075",668,"Pyroar","FIRE",507,86,68,72,109,66,106,"sixth"
"1076",668,"Pyroar","NORMAL",507,86,68,72,109,66,106,"sixth"
"1077",669,"Flab_b_","FAIRY",303,44,38,39,61,79,42,"sixth"
"1078",670,"Floette","FAIRY",371,54,45,47,75,98,52,"sixth"
"1079",671,"Florges","FAIRY",552,78,65,68,112,154,75,"sixth"
"1080",672,"Skiddo","GRASS",350,66,65,48,62,57,52,"sixth"
"1081",673,"Gogoat","GRASS",531,123,100,62,97,81,68,"sixth"
"1082",674,"Pancham","FIGHTING",348,67,82,62,46,48,43,"sixth"
"1083",675,"Pangoro","FIGHTING",495,95,124,78,69,71,58,"sixth"
"1084",675,"Pangoro","DARK",495,95,124,78,69,71,58,"sixth"
"1085",676,"Furfrou","NORMAL",472,75,80,60,65,90,102,"sixth"
"1086",677,"Espurr","PSYCHIC",355,62,48,54,63,60,68,"sixth"
"1087",678,"Meowstic","PSYCHIC",466,74,48,76,83,81,104,"sixth"
"1088",679,"Honedge","STEEL",325,45,80,100,35,37,28,"sixth"
"1089",679,"Honedge","GHOST",325,45,80,100,35,37,28,"sixth"
"1090",680,"Doublade","STEEL",448,59,110,150,45,49,35,"sixth"
"1091",680,"Doublade","GHOST",448,59,110,150,45,49,35,"sixth"
"1092",681,"Aegislash- Blade Forme","STEEL",520,60,150,50,150,50,60,"sixth"
"1093",681,"Aegislash- Blade Forme","GHOST",520,60,150,50,150,50,60,"sixth"
"1094",681.1,"Aegislash- Shield Forme","STEEL",520,60,50,150,50,150,60,"sixth"
"1095",681.1,"Aegislash- Shield Forme","GHOST",520,60,50,150,50,150,60,"sixth"
"1096",682,"Spritzee","FAIRY",341,78,52,60,63,65,23,"sixth"
"1097",683,"Aromatisse","FAIRY",462,101,72,72,99,89,29,"sixth"
"1098",684,"Swirlix","FAIRY",341,62,48,66,59,57,49,"sixth"
"1099",685,"Slurpuff","FAIRY",480,82,80,86,85,75,72,"sixth"
"1100",686,"Inkay","DARK",288,53,54,53,37,46,45,"sixth"
"1101",686,"Inkay","PSYCHIC",288,53,54,53,37,46,45,"sixth"
"1102",687,"Malamar","DARK",482,86,92,88,68,75,73,"sixth"
"1103",687,"Malamar","PSYCHIC",482,86,92,88,68,75,73,"sixth"
"1104",688,"Binacle","ROCK",306,42,52,67,39,56,50,"sixth"
"1105",688,"Binacle","WATER",306,42,52,67,39,56,50,"sixth"
"1106",689,"Barbaracle","ROCK",500,72,105,115,54,86,68,"sixth"
"1107",689,"Barbaracle","WATER",500,72,105,115,54,86,68,"sixth"
"1108",690,"Skrelp","POISON",320,50,60,60,60,60,30,"sixth"
"1109",690,"Skrelp","WATER",320,50,60,60,60,60,30,"sixth"
"1110",691,"Dragalge","POISON",494,65,75,90,97,123,44,"sixth"
"1111",691,"Dragalge","DRAGON",494,65,75,90,97,123,44,"sixth"
"1112",692,"Clauncher","WATER",330,50,53,62,58,63,44,"sixth"
"1113",693,"Clawitzer","WATER",500,71,73,88,120,89,59,"sixth"
"1114",694,"Helioptile","ELECTRIC",289,44,38,33,61,43,70,"sixth"
"1115",694,"Helioptile","NORMAL",289,44,38,33,61,43,70,"sixth"
"1116",695,"Heliolisk","ELECTRIC",481,62,55,52,109,94,109,"sixth"
"1117",695,"Heliolisk","NORMAL",481,62,55,52,109,94,109,"sixth"
"1118",696,"Tyrunt","ROCK",362,58,89,77,45,45,48,"sixth"
"1119",696,"Tyrunt","DRAGON",362,58,89,77,45,45,48,"sixth"
"1120",697,"Tyrantrum","ROCK",521,82,121,119,69,59,71,"sixth"
"1121",697,"Tyrantrum","DRAGON",521,82,121,119,69,59,71,"sixth"
"1122",698,"Amaura","ROCK",362,77,59,50,67,63,46,"sixth"
"1123",698,"Amaura","ICE",362,77,59,50,67,63,46,"sixth"
"1124",699,"Aurorus","ROCK",521,123,77,72,99,92,58,"sixth"
"1125",699,"Aurorus","ICE",521,123,77,72,99,92,58,"sixth"
"1126",700,"Sylveon","FAIRY",525,95,65,65,110,130,60,"sixth"
"1127",701,"Hawlucha","FIGHTING",500,78,92,75,74,63,118,"sixth"
"1128",701,"Hawlucha","FLYING",500,78,92,75,74,63,118,"sixth"
"1129",702,"Dedenne","ELECTRIC",431,67,58,57,81,67,101,"sixth"
"1130",702,"Dedenne","FAIRY",431,67,58,57,81,67,101,"sixth"
"1131",703,"Carbink","ROCK",500,50,50,150,50,150,50,"sixth"
"1132",703,"Carbink","FAIRY",500,50,50,150,50,150,50,"sixth"
"1133",704,"Goomy","DRAGON",300,45,50,35,55,75,40,"sixth"
"1134",705,"Sliggoo","DRAGON",452,68,75,53,83,113,60,"sixth"
"1135",706,"Goodra","DRAGON",600,90,100,70,110,150,80,"sixth"
"1136",707,"Klefki","STEEL",470,57,80,91,80,87,75,"sixth"
"1137",707,"Klefki","FAIRY",470,57,80,91,80,87,75,"sixth"
"1138",708,"Phantump","GHOST",309,43,70,48,50,60,38,"sixth"
"1139",708,"Phantump","GRASS",309,43,70,48,50,60,38,"sixth"
"1140",709,"Trevenant","GHOST",474,85,110,76,65,82,56,"sixth"
"1141",709,"Trevenant","GRASS",474,85,110,76,65,82,56,"sixth"
"1142",710,"Pumpkaboo- Average Size","GHOST",335,49,66,70,44,55,51,"sixth"
"1143",710,"Pumpkaboo- Average Size","GRASS",335,49,66,70,44,55,51,"sixth"
"1144",710.1,"Pumpkaboo- Small Size","GHOST",335,44,66,70,44,55,56,"sixth"
"1145",710.1,"Pumpkaboo- Small Size","GRASS",335,44,66,70,44,55,56,"sixth"
"1146",710.2,"Pumpkaboo- Large Size","GHOST",335,54,66,70,44,55,46,"sixth"
"1147",710.2,"Pumpkaboo- Large Size","GRASS",335,54,66,70,44,55,46,"sixth"
"1148",710.3,"Pumpkaboo- Super Size","GHOST",335,59,66,70,44,55,41,"sixth"
"1149",710.3,"Pumpkaboo- Super Size","GRASS",335,59,66,70,44,55,41,"sixth"
"1150",711,"Gourgeist- Average Size","GHOST",494,65,90,122,58,75,84,"sixth"
"1151",711,"Gourgeist- Average Size","GRASS",494,65,90,122,58,75,84,"sixth"
"1152",711.1,"Gourgeist- Small Size","GHOST",494,55,85,122,58,75,99,"sixth"
"1153",711.1,"Gourgeist- Small Size","GRASS",494,55,85,122,58,75,99,"sixth"
"1154",711.2,"Gourgeist- Large Size","GHOST",494,75,95,122,58,75,69,"sixth"
"1155",711.2,"Gourgeist- Large Size","GRASS",494,75,95,122,58,75,69,"sixth"
"1156",711.3,"Gourgeist-Super Size","GHOST",494,85,100,122,58,75,54,"sixth"
"1157",711.3,"Gourgeist-Super Size","GRASS",494,85,100,122,58,75,54,"sixth"
"1158",712,"Bergmite","ICE",304,55,69,85,32,35,28,"sixth"
"1159",713,"Avalugg","ICE",514,95,117,184,44,46,28,"sixth"
"1160",714,"Noibat","FLYING",245,40,30,35,45,40,55,"sixth"
"1161",714,"Noibat","DRAGON",245,40,30,35,45,40,55,"sixth"
"1162",715,"Noivern","FLYING",535,85,70,80,97,80,123,"sixth"
"1163",715,"Noivern","DRAGON",535,85,70,80,97,80,123,"sixth"
"1164",716,"Xerneas","FAIRY",680,126,131,95,131,98,99,"sixth"
"1165",717,"Yveltal","DARK",680,126,131,95,131,98,99,"sixth"
"1166",717,"Yveltal","FLYING",680,126,131,95,131,98,99,"sixth"
"1167",718,"Zygarde","DRAGON",600,108,100,121,81,95,95,"sixth"
"1168",718,"Zygarde","GROUND",600,108,100,121,81,95,95,"sixth"
